datatime,external_event
2020-03-29 18:10:03,A
2020-03-29 18:10:04,A
2020-03-29 18:10:05,A
2020-03-29 18:10:06,A
2020-03-29 18:10:07,A
2020-03-29 18:10:08,A
2020-03-29 18:10:09,A
2020-03-29 18:10:10,A
2020-03-29 18:10:11,A
2020-03-29 18:10:12,A
2020-03-29 18:10:13,A
2020-03-29 18:10:14,A
2020-03-29 18:10:15,A
2020-03-29 18:10:16,A
2020-03-29 18:10:17,A
2020-03-29 18:10:18,A
2020-03-28 18:19:12,A
2020-03-28 18:19:13,A
2020-03-28 18:19:14,A
2020-03-28 18:19:15,A
2020-03-28 18:19:16,A
2020-03-28 18:19:17,A
2020-03-28 18:19:18,A
2020-03-28 18:19:19,A
2020-03-28 18:19:20,A
2020-03-28 18:19:21,A
2020-03-28 18:19:22,A
2020-03-28 18:19:23,A
2020-03-28 18:19:24,A
2020-03-28 18:19:25,A
2020-03-28 18:19:26,A
2020-03-28 18:19:27,A
2020-03-28 23:52:30,A
2020-03-28 23:52:31,A
2020-03-28 23:52:32,A
2020-03-28 23:52:33,A
2020-03-28 23:52:34,A
2020-03-28 23:52:35,A
2020-03-28 23:52:36,A
2020-03-28 23:52:37,A
2020-03-28 23:52:38,A
2020-03-28 23:52:39,A
2020-03-28 23:52:40,A
2020-03-28 23:52:41,A
2020-03-28 23:52:42,A
2020-03-28 23:52:43,A
2020-03-28 23:52:44,A
2020-03-28 23:52:45,A
2020-03-29 22:32:41,A
2020-03-29 22:32:42,A
2020-03-29 22:32:43,A
2020-03-29 22:32:44,A
2020-03-29 22:32:45,A
2020-03-29 22:32:46,A
2020-03-29 22:32:47,A
2020-03-29 22:32:48,A
2020-03-29 22:32:49,A
2020-03-29 22:32:50,A
2020-03-29 22:32:51,A
2020-03-29 22:32:52,A
2020-03-29 22:32:53,A
2020-03-29 22:32:54,A
2020-03-29 22:32:55,A
2020-03-29 22:32:56,A
2020-03-22 20:51:28,A
2020-03-22 20:51:29,A
2020-03-22 20:51:30,A
2020-03-22 20:51:31,A
2020-03-22 20:51:32,A
2020-03-22 20:51:33,A
2020-03-22 20:51:34,A
2020-03-22 20:51:35,A
2020-03-22 20:51:36,A
2020-03-22 20:51:37,A
2020-03-22 20:51:38,A
2020-03-22 20:51:39,A
2020-03-22 20:51:40,A
2020-03-22 20:51:41,A
2020-03-22 20:51:42,A
2020-03-22 20:51:43,A
2020-03-22 21:50:31,A
2020-03-22 21:50:32,A
2020-03-22 21:50:33,A
2020-03-22 21:50:34,A
2020-03-22 21:50:35,A
2020-03-22 21:50:36,A
2020-03-22 21:50:37,A
2020-03-22 21:50:38,A
2020-03-22 21:50:39,A
2020-03-22 21:50:40,A
2020-03-22 21:50:41,A
2020-03-22 21:50:42,A
2020-03-22 21:50:43,A
2020-03-22 21:50:44,A
2020-03-22 21:50:45,A
2020-03-22 21:50:46,A
2020-04-01 18:47:53,A
2020-04-01 18:47:54,A
2020-04-01 18:47:55,A
2020-04-01 18:47:56,A
2020-04-01 18:47:57,A
2020-04-01 18:47:58,A
2020-04-01 18:47:59,A
2020-04-01 18:48:00,A
2020-04-01 18:48:01,A
2020-04-01 18:48:02,A
2020-04-01 18:48:03,A
2020-04-01 18:48:04,A
2020-04-01 18:48:05,A
2020-04-01 18:48:06,A
2020-04-01 18:48:07,A
2020-04-01 18:48:08,A
2020-04-02 13:39:17,A
2020-04-02 13:39:18,A
2020-04-02 13:39:19,A
2020-04-02 13:39:20,A
2020-04-02 13:39:21,A
2020-04-02 13:39:22,A
2020-04-02 13:39:23,A
2020-04-02 13:39:24,A
2020-04-02 13:39:25,A
2020-04-02 13:39:26,A
2020-04-02 13:39:27,A
2020-04-02 13:39:28,A
2020-04-02 13:39:29,A
2020-04-02 13:39:30,A
2020-04-02 13:39:31,A
2020-04-02 13:39:32,A
2020-03-25 18:12:44,A
2020-03-25 18:12:45,A
2020-03-25 18:12:46,A
2020-03-25 18:12:47,A
2020-03-25 18:12:48,A
2020-03-25 18:12:49,A
2020-03-25 18:12:50,A
2020-03-25 18:12:51,A
2020-03-25 18:12:52,A
2020-03-25 18:12:53,A
2020-03-25 18:12:54,A
2020-03-25 18:12:55,A
2020-03-25 18:12:56,A
2020-03-25 18:12:57,A
2020-03-25 18:12:58,A
2020-03-25 18:12:59,A
2020-04-01 18:46:13,A
2020-04-01 18:46:14,A
2020-04-01 18:46:15,A
2020-04-01 18:46:16,A
2020-04-01 18:46:17,A
2020-04-01 18:46:18,A
2020-04-01 18:46:19,A
2020-04-01 18:46:20,A
2020-04-01 18:46:21,A
2020-04-01 18:46:22,A
2020-04-01 18:46:23,A
2020-04-01 18:46:24,A
2020-04-01 18:46:25,A
2020-04-01 18:46:26,A
2020-04-01 18:46:27,A
2020-04-01 18:46:28,A
2020-03-30 18:09:52,A
2020-03-30 18:09:53,A
2020-03-30 18:09:54,A
2020-03-30 18:09:55,A
2020-03-30 18:09:56,A
2020-03-30 18:09:57,A
2020-03-30 18:09:58,A
2020-03-30 18:09:59,A
2020-03-30 18:10:00,A
2020-03-30 18:10:01,A
2020-03-30 18:10:02,A
2020-03-30 18:10:03,A
2020-03-30 18:10:04,A
2020-03-30 18:10:05,A
2020-03-30 18:10:06,A
2020-03-30 18:10:07,A
2020-03-31 20:07:08,A
2020-03-31 20:07:09,A
2020-03-31 20:07:10,A
2020-03-31 20:07:11,A
2020-03-31 20:07:12,A
2020-03-31 20:07:13,A
2020-03-31 20:07:14,A
2020-03-31 20:07:15,A
2020-03-31 20:07:16,A
2020-03-31 20:07:17,A
2020-03-31 20:07:18,A
2020-03-31 20:07:19,A
2020-03-31 20:07:20,A
2020-03-31 20:07:21,A
2020-03-31 20:07:22,A
2020-03-31 20:07:23,A
2020-03-25 23:39:13,A
2020-03-25 23:39:14,A
2020-03-25 23:39:15,A
2020-03-25 23:39:16,A
2020-03-25 23:39:17,A
2020-03-25 23:39:18,A
2020-03-25 23:39:19,A
2020-03-25 23:39:20,A
2020-03-25 23:39:21,A
2020-03-25 23:39:22,A
2020-03-25 23:39:23,A
2020-03-25 23:39:24,A
2020-03-25 23:39:25,A
2020-03-25 23:39:26,A
2020-03-25 23:39:27,A
2020-03-25 23:39:28,A
2020-03-23 20:18:04,A
2020-03-23 20:18:05,A
2020-03-23 20:18:06,A
2020-03-23 20:18:07,A
2020-03-23 20:18:08,A
2020-03-23 20:18:09,A
2020-03-23 20:18:10,A
2020-03-23 20:18:11,A
2020-03-23 20:18:12,A
2020-03-23 20:18:13,A
2020-03-23 20:18:14,A
2020-03-23 20:18:15,A
2020-03-23 20:18:16,A
2020-03-23 20:18:17,A
2020-03-23 20:18:18,A
2020-03-23 20:18:19,A
2020-03-30 23:23:31,A
2020-03-30 23:23:32,A
2020-03-30 23:23:33,A
2020-03-30 23:23:34,A
2020-03-30 23:23:35,A
2020-03-30 23:23:36,A
2020-03-30 23:23:37,A
2020-03-30 23:23:38,A
2020-03-30 23:23:39,A
2020-03-30 23:23:40,A
2020-03-30 23:23:41,A
2020-03-30 23:23:42,A
2020-03-30 23:23:43,A
2020-03-30 23:23:44,A
2020-03-30 23:23:45,A
2020-03-30 23:23:46,A
2020-04-02 22:10:55,A
2020-04-02 22:10:56,A
2020-04-02 22:10:57,A
2020-04-02 22:10:58,A
2020-04-02 22:10:59,A
2020-04-02 22:11:00,A
2020-04-02 22:11:01,A
2020-04-02 22:11:02,A
2020-04-02 22:11:03,A
2020-04-02 22:11:04,A
2020-04-02 22:11:05,A
2020-04-02 22:11:06,A
2020-04-02 22:11:07,A
2020-04-02 22:11:08,A
2020-04-02 22:11:09,A
2020-04-02 22:11:10,A
2020-03-27 23:40:37,A
2020-03-27 23:40:38,A
2020-03-27 23:40:39,A
2020-03-27 23:40:40,A
2020-03-27 23:40:41,A
2020-03-27 23:40:42,A
2020-03-27 23:40:43,A
2020-03-27 23:40:44,A
2020-03-27 23:40:45,A
2020-03-27 23:40:46,A
2020-03-27 23:40:47,A
2020-03-27 23:40:48,A
2020-03-27 23:40:49,A
2020-03-27 23:40:50,A
2020-03-27 23:40:51,A
2020-03-27 23:40:52,A
2020-03-23 23:44:16,A
2020-03-23 23:44:17,A
2020-03-23 23:44:18,A
2020-03-23 23:44:19,A
2020-03-23 23:44:20,A
2020-03-23 23:44:21,A
2020-03-23 23:44:22,A
2020-03-23 23:44:23,A
2020-03-23 23:44:24,A
2020-03-23 23:44:25,A
2020-03-23 23:44:26,A
2020-03-23 23:44:27,A
2020-03-23 23:44:28,A
2020-03-23 23:44:29,A
2020-03-23 23:44:30,A
2020-03-23 23:44:31,A
2020-03-26 21:39:54,A
2020-03-26 21:39:55,A
2020-03-26 21:39:56,A
2020-03-26 21:39:57,A
2020-03-26 21:39:58,A
2020-03-26 21:39:59,A
2020-03-26 21:40:00,A
2020-03-26 21:40:01,A
2020-03-26 21:40:02,A
2020-03-26 21:40:03,A
2020-03-26 21:40:04,A
2020-03-26 21:40:05,A
2020-03-26 21:40:06,A
2020-03-26 21:40:07,A
2020-03-26 21:40:08,A
2020-03-26 21:40:09,A
2020-03-24 20:29:09,A
2020-03-24 20:29:10,A
2020-03-24 20:29:11,A
2020-03-24 20:29:12,A
2020-03-24 20:29:13,A
2020-03-24 20:29:14,A
2020-03-24 20:29:15,A
2020-03-24 20:29:16,A
2020-03-24 20:29:17,A
2020-03-24 20:29:18,A
2020-03-24 20:29:19,A
2020-03-24 20:29:20,A
2020-03-24 20:29:21,A
2020-03-24 20:29:22,A
2020-03-24 20:29:23,A
2020-03-24 20:29:24,A
2020-04-02 09:35:19,B
2020-04-02 09:35:20,B
2020-04-02 09:35:21,B
2020-04-02 09:35:22,B
2020-04-02 09:35:23,B
2020-04-02 09:35:24,B
2020-04-02 09:35:25,B
2020-04-02 09:35:26,B
2020-04-02 09:35:27,B
2020-04-02 09:35:28,B
2020-04-02 09:35:29,B
2020-04-02 09:35:30,B
2020-04-02 09:35:31,B
2020-04-02 09:35:32,B
2020-04-02 09:35:33,B
2020-04-02 09:35:34,B
2020-03-26 11:38:33,B
2020-03-26 11:38:34,B
2020-03-26 11:38:35,B
2020-03-26 11:38:36,B
2020-03-26 11:38:37,B
2020-03-26 11:38:38,B
2020-03-26 11:38:39,B
2020-03-26 11:38:40,B
2020-03-26 11:38:41,B
2020-03-26 11:38:42,B
2020-03-26 11:38:43,B
2020-03-26 11:38:44,B
2020-03-26 11:38:45,B
2020-03-26 11:38:46,B
2020-03-26 11:38:47,B
2020-03-26 11:38:48,B
2020-03-22 07:43:35,B
2020-03-22 07:43:36,B
2020-03-22 07:43:37,B
2020-03-22 07:43:38,B
2020-03-22 07:43:39,B
2020-03-22 07:43:40,B
2020-03-22 07:43:41,B
2020-03-22 07:43:42,B
2020-03-22 07:43:43,B
2020-03-22 07:43:44,B
2020-03-22 07:43:45,B
2020-03-22 07:43:46,B
2020-03-22 07:43:47,B
2020-03-22 07:43:48,B
2020-03-22 07:43:49,B
2020-03-22 07:43:50,B
2020-03-24 11:12:23,B
2020-03-24 11:12:24,B
2020-03-24 11:12:25,B
2020-03-24 11:12:26,B
2020-03-24 11:12:27,B
2020-03-24 11:12:28,B
2020-03-24 11:12:29,B
2020-03-24 11:12:30,B
2020-03-24 11:12:31,B
2020-03-24 11:12:32,B
2020-03-24 11:12:33,B
2020-03-24 11:12:34,B
2020-03-24 11:12:35,B
2020-03-24 11:12:36,B
2020-03-24 11:12:37,B
2020-03-24 11:12:38,B
2020-03-30 10:59:45,B
2020-03-30 10:59:46,B
2020-03-30 10:59:47,B
2020-03-30 10:59:48,B
2020-03-30 10:59:49,B
2020-03-30 10:59:50,B
2020-03-30 10:59:51,B
2020-03-30 10:59:52,B
2020-03-30 10:59:53,B
2020-03-30 10:59:54,B
2020-03-30 10:59:55,B
2020-03-30 10:59:56,B
2020-03-30 10:59:57,B
2020-03-30 10:59:58,B
2020-03-30 10:59:59,B
2020-03-30 11:00:00,B
2020-03-28 09:39:08,B
2020-03-28 09:39:09,B
2020-03-28 09:39:10,B
2020-03-28 09:39:11,B
2020-03-28 09:39:12,B
2020-03-28 09:39:13,B
2020-03-28 09:39:14,B
2020-03-28 09:39:15,B
2020-03-28 09:39:16,B
2020-03-28 09:39:17,B
2020-03-28 09:39:18,B
2020-03-28 09:39:19,B
2020-03-28 09:39:20,B
2020-03-28 09:39:21,B
2020-03-28 09:39:22,B
2020-03-28 09:39:23,B
2020-03-27 17:42:05,B
2020-03-27 17:42:06,B
2020-03-27 17:42:07,B
2020-03-27 17:42:08,B
2020-03-27 17:42:09,B
2020-03-27 17:42:10,B
2020-03-27 17:42:11,B
2020-03-27 17:42:12,B
2020-03-27 17:42:13,B
2020-03-27 17:42:14,B
2020-03-27 17:42:15,B
2020-03-27 17:42:16,B
2020-03-27 17:42:17,B
2020-03-27 17:42:18,B
2020-03-27 17:42:19,B
2020-03-27 17:42:20,B
2020-03-23 18:09:30,B
2020-03-23 18:09:31,B
2020-03-23 18:09:32,B
2020-03-23 18:09:33,B
2020-03-23 18:09:34,B
2020-03-23 18:09:35,B
2020-03-23 18:09:36,B
2020-03-23 18:09:37,B
2020-03-23 18:09:38,B
2020-03-23 18:09:39,B
2020-03-23 18:09:40,B
2020-03-23 18:09:41,B
2020-03-23 18:09:42,B
2020-03-23 18:09:43,B
2020-03-23 18:09:44,B
2020-03-23 18:09:45,B
2020-03-30 18:55:44,B
2020-03-30 18:55:45,B
2020-03-30 18:55:46,B
2020-03-30 18:55:47,B
2020-03-30 18:55:48,B
2020-03-30 18:55:49,B
2020-03-30 18:55:50,B
2020-03-30 18:55:51,B
2020-03-30 18:55:52,B
2020-03-30 18:55:53,B
2020-03-30 18:55:54,B
2020-03-30 18:55:55,B
2020-03-30 18:55:56,B
2020-03-30 18:55:57,B
2020-03-30 18:55:58,B
2020-03-30 18:55:59,B
2020-03-26 19:17:52,B
2020-03-26 19:17:53,B
2020-03-26 19:17:54,B
2020-03-26 19:17:55,B
2020-03-26 19:17:56,B
2020-03-26 19:17:57,B
2020-03-26 19:17:58,B
2020-03-26 19:17:59,B
2020-03-26 19:18:00,B
2020-03-26 19:18:01,B
2020-03-26 19:18:02,B
2020-03-26 19:18:03,B
2020-03-26 19:18:04,B
2020-03-26 19:18:05,B
2020-03-26 19:18:06,B
2020-03-26 19:18:07,B
2020-03-25 17:49:16,B
2020-03-25 17:49:17,B
2020-03-25 17:49:18,B
2020-03-25 17:49:19,B
2020-03-25 17:49:20,B
2020-03-25 17:49:21,B
2020-03-25 17:49:22,B
2020-03-25 17:49:23,B
2020-03-25 17:49:24,B
2020-03-25 17:49:25,B
2020-03-25 17:49:26,B
2020-03-25 17:49:27,B
2020-03-25 17:49:28,B
2020-03-25 17:49:29,B
2020-03-25 17:49:30,B
2020-03-25 17:49:31,B
2020-03-31 15:01:24,B
2020-03-31 15:01:25,B
2020-03-31 15:01:26,B
2020-03-31 15:01:27,B
2020-03-31 15:01:28,B
2020-03-31 15:01:29,B
2020-03-31 15:01:30,B
2020-03-31 15:01:31,B
2020-03-31 15:01:32,B
2020-03-31 15:01:33,B
2020-03-31 15:01:34,B
2020-03-31 15:01:35,B
2020-03-31 15:01:36,B
2020-03-31 15:01:37,B
2020-03-31 15:01:38,B
2020-03-31 15:01:39,B
2020-03-21 12:15:41,B
2020-03-21 12:15:42,B
2020-03-21 12:15:43,B
2020-03-21 12:15:44,B
2020-03-21 12:15:45,B
2020-03-21 12:15:46,B
2020-03-21 12:15:47,B
2020-03-21 12:15:48,B
2020-03-21 12:15:49,B
2020-03-21 12:15:50,B
2020-03-21 12:15:51,B
2020-03-21 12:15:52,B
2020-03-21 12:15:53,B
2020-03-21 12:15:54,B
2020-03-21 12:15:55,B
2020-03-21 12:15:56,B
2020-03-27 19:31:29,B
2020-03-27 19:31:30,B
2020-03-27 19:31:31,B
2020-03-27 19:31:32,B
2020-03-27 19:31:33,B
2020-03-27 19:31:34,B
2020-03-27 19:31:35,B
2020-03-27 19:31:36,B
2020-03-27 19:31:37,B
2020-03-27 19:31:38,B
2020-03-27 19:31:39,B
2020-03-27 19:31:40,B
2020-03-27 19:31:41,B
2020-03-27 19:31:42,B
2020-03-27 19:31:43,B
2020-03-27 19:31:44,B
2020-03-22 18:31:39,B
2020-03-22 18:31:40,B
2020-03-22 18:31:41,B
2020-03-22 18:31:42,B
2020-03-22 18:31:43,B
2020-03-22 18:31:44,B
2020-03-22 18:31:45,B
2020-03-22 18:31:46,B
2020-03-22 18:31:47,B
2020-03-22 18:31:48,B
2020-03-22 18:31:49,B
2020-03-22 18:31:50,B
2020-03-22 18:31:51,B
2020-03-22 18:31:52,B
2020-03-22 18:31:53,B
2020-03-22 18:31:54,B
2020-03-29 16:14:06,B
2020-03-29 16:14:07,B
2020-03-29 16:14:08,B
2020-03-29 16:14:09,B
2020-03-29 16:14:10,B
2020-03-29 16:14:11,B
2020-03-29 16:14:12,B
2020-03-29 16:14:13,B
2020-03-29 16:14:14,B
2020-03-29 16:14:15,B
2020-03-29 16:14:16,B
2020-03-29 16:14:17,B
2020-03-29 16:14:18,B
2020-03-29 16:14:19,B
2020-03-29 16:14:20,B
2020-03-29 16:14:21,B
2020-03-26 18:50:41,B
2020-03-26 18:50:42,B
2020-03-26 18:50:43,B
2020-03-26 18:50:44,B
2020-03-26 18:50:45,B
2020-03-26 18:50:46,B
2020-03-26 18:50:47,B
2020-03-26 18:50:48,B
2020-03-26 18:50:49,B
2020-03-26 18:50:50,B
2020-03-26 18:50:51,B
2020-03-26 18:50:52,B
2020-03-26 18:50:53,B
2020-03-26 18:50:54,B
2020-03-26 18:50:55,B
2020-03-26 18:50:56,B
2020-03-23 14:49:29,B
2020-03-23 14:49:30,B
2020-03-23 14:49:31,B
2020-03-23 14:49:32,B
2020-03-23 14:49:33,B
2020-03-23 14:49:34,B
2020-03-23 14:49:35,B
2020-03-23 14:49:36,B
2020-03-23 14:49:37,B
2020-03-23 14:49:38,B
2020-03-23 14:49:39,B
2020-03-23 14:49:40,B
2020-03-23 14:49:41,B
2020-03-23 14:49:42,B
2020-03-23 14:49:43,B
2020-03-23 14:49:44,B
2020-03-22 18:11:53,B
2020-03-22 18:11:54,B
2020-03-22 18:11:55,B
2020-03-22 18:11:56,B
2020-03-22 18:11:57,B
2020-03-22 18:11:58,B
2020-03-22 18:11:59,B
2020-03-22 18:12:00,B
2020-03-22 18:12:01,B
2020-03-22 18:12:02,B
2020-03-22 18:12:03,B
2020-03-22 18:12:04,B
2020-03-22 18:12:05,B
2020-03-22 18:12:06,B
2020-03-22 18:12:07,B
2020-03-22 18:12:08,B
2020-03-28 22:51:16,B
2020-03-28 22:51:17,B
2020-03-28 22:51:18,B
2020-03-28 22:51:19,B
2020-03-28 22:51:20,B
2020-03-28 22:51:21,B
2020-03-28 22:51:22,B
2020-03-28 22:51:23,B
2020-03-28 22:51:24,B
2020-03-28 22:51:25,B
2020-03-28 22:51:26,B
2020-03-28 22:51:27,B
2020-03-28 22:51:28,B
2020-03-28 22:51:29,B
2020-03-28 22:51:30,B
2020-03-28 22:51:31,B
2020-03-27 20:07:06,B
2020-03-27 20:07:07,B
2020-03-27 20:07:08,B
2020-03-27 20:07:09,B
2020-03-27 20:07:10,B
2020-03-27 20:07:11,B
2020-03-27 20:07:12,B
2020-03-27 20:07:13,B
2020-03-27 20:07:14,B
2020-03-27 20:07:15,B
2020-03-27 20:07:16,B
2020-03-27 20:07:17,B
2020-03-27 20:07:18,B
2020-03-27 20:07:19,B
2020-03-27 20:07:20,B
2020-03-27 20:07:21,B
2020-03-28 18:44:37,B
2020-03-28 18:44:38,B
2020-03-28 18:44:39,B
2020-03-28 18:44:40,B
2020-03-28 18:44:41,B
2020-03-28 18:44:42,B
2020-03-28 18:44:43,B
2020-03-28 18:44:44,B
2020-03-28 18:44:45,B
2020-03-28 18:44:46,B
2020-03-28 18:44:47,B
2020-03-28 18:44:48,B
2020-03-28 18:44:49,B
2020-03-28 18:44:50,B
2020-03-28 18:44:51,B
2020-03-28 18:44:52,B
2020-03-21 20:56:38,B
2020-03-21 20:56:39,B
2020-03-21 20:56:40,B
2020-03-21 20:56:41,B
2020-03-21 20:56:42,B
2020-03-21 20:56:43,B
2020-03-21 20:56:44,B
2020-03-21 20:56:45,B
2020-03-21 20:56:46,B
2020-03-21 20:56:47,B
2020-03-21 20:56:48,B
2020-03-21 20:56:49,B
2020-03-21 20:56:50,B
2020-03-21 20:56:51,B
2020-03-21 20:56:52,B
2020-03-21 20:56:53,B
2020-03-24 21:07:57,B
2020-03-24 21:07:58,B
2020-03-24 21:07:59,B
2020-03-24 21:08:00,B
2020-03-24 21:08:01,B
2020-03-24 21:08:02,B
2020-03-24 21:08:03,B
2020-03-24 21:08:04,B
2020-03-24 21:08:05,B
2020-03-24 21:08:06,B
2020-03-24 21:08:07,B
2020-03-24 21:08:08,B
2020-03-24 21:08:09,B
2020-03-24 21:08:10,B
2020-03-24 21:08:11,B
2020-03-24 21:08:12,B
2020-03-24 22:53:17,B
2020-03-24 22:53:18,B
2020-03-24 22:53:19,B
2020-03-24 22:53:20,B
2020-03-24 22:53:21,B
2020-03-24 22:53:22,B
2020-03-24 22:53:23,B
2020-03-24 22:53:24,B
2020-03-24 22:53:25,B
2020-03-24 22:53:26,B
2020-03-24 22:53:27,B
2020-03-24 22:53:28,B
2020-03-24 22:53:29,B
2020-03-24 22:53:30,B
2020-03-24 22:53:31,B
2020-03-24 22:53:32,B
2020-03-31 20:22:03,B
2020-03-31 20:22:04,B
2020-03-31 20:22:05,B
2020-03-31 20:22:06,B
2020-03-31 20:22:07,B
2020-03-31 20:22:08,B
2020-03-31 20:22:09,B
2020-03-31 20:22:10,B
2020-03-31 20:22:11,B
2020-03-31 20:22:12,B
2020-03-31 20:22:13,B
2020-03-31 20:22:14,B
2020-03-31 20:22:15,B
2020-03-31 20:22:16,B
2020-03-31 20:22:17,B
2020-03-31 20:22:18,B
2020-03-29 19:09:02,B
2020-03-29 19:09:03,B
2020-03-29 19:09:04,B
2020-03-29 19:09:05,B
2020-03-29 19:09:06,B
2020-03-29 19:09:07,B
2020-03-29 19:09:08,B
2020-03-29 19:09:09,B
2020-03-29 19:09:10,B
2020-03-29 19:09:11,B
2020-03-29 19:09:12,B
2020-03-29 19:09:13,B
2020-03-29 19:09:14,B
2020-03-29 19:09:15,B
2020-03-29 19:09:16,B
2020-03-29 19:09:17,B
2020-03-30 21:01:21,B
2020-03-30 21:01:22,B
2020-03-30 21:01:23,B
2020-03-30 21:01:24,B
2020-03-30 21:01:25,B
2020-03-30 21:01:26,B
2020-03-30 21:01:27,B
2020-03-30 21:01:28,B
2020-03-30 21:01:29,B
2020-03-30 21:01:30,B
2020-03-30 21:01:31,B
2020-03-30 21:01:32,B
2020-03-30 21:01:33,B
2020-03-30 21:01:34,B
2020-03-30 21:01:35,B
2020-03-30 21:01:36,B
2020-03-29 20:54:28,B
2020-03-29 20:54:29,B
2020-03-29 20:54:30,B
2020-03-29 20:54:31,B
2020-03-29 20:54:32,B
2020-03-29 20:54:33,B
2020-03-29 20:54:34,B
2020-03-29 20:54:35,B
2020-03-29 20:54:36,B
2020-03-29 20:54:37,B
2020-03-29 20:54:38,B
2020-03-29 20:54:39,B
2020-03-29 20:54:40,B
2020-03-29 20:54:41,B
2020-03-29 20:54:42,B
2020-03-29 20:54:43,B
2020-04-02 21:51:33,B
2020-04-02 21:51:34,B
2020-04-02 21:51:35,B
2020-04-02 21:51:36,B
2020-04-02 21:51:37,B
2020-04-02 21:51:38,B
2020-04-02 21:51:39,B
2020-04-02 21:51:40,B
2020-04-02 21:51:41,B
2020-04-02 21:51:42,B
2020-04-02 21:51:43,B
2020-04-02 21:51:44,B
2020-04-02 21:51:45,B
2020-04-02 21:51:46,B
2020-04-02 21:51:47,B
2020-04-02 21:51:48,B
2020-03-28 21:44:18,B
2020-03-28 21:44:19,B
2020-03-28 21:44:20,B
2020-03-28 21:44:21,B
2020-03-28 21:44:22,B
2020-03-28 21:44:23,B
2020-03-28 21:44:24,B
2020-03-28 21:44:25,B
2020-03-28 21:44:26,B
2020-03-28 21:44:27,B
2020-03-28 21:44:28,B
2020-03-28 21:44:29,B
2020-03-28 21:44:30,B
2020-03-28 21:44:31,B
2020-03-28 21:44:32,B
2020-03-28 21:44:33,B
2020-03-30 20:31:55,B
2020-03-30 20:31:56,B
2020-03-30 20:31:57,B
2020-03-30 20:31:58,B
2020-03-30 20:31:59,B
2020-03-30 20:32:00,B
2020-03-30 20:32:01,B
2020-03-30 20:32:02,B
2020-03-30 20:32:03,B
2020-03-30 20:32:04,B
2020-03-30 20:32:05,B
2020-03-30 20:32:06,B
2020-03-30 20:32:07,B
2020-03-30 20:32:08,B
2020-03-30 20:32:09,B
2020-03-30 20:32:10,B
2020-03-27 20:30:14,B
2020-03-27 20:30:15,B
2020-03-27 20:30:16,B
2020-03-27 20:30:17,B
2020-03-27 20:30:18,B
2020-03-27 20:30:19,B
2020-03-27 20:30:20,B
2020-03-27 20:30:21,B
2020-03-27 20:30:22,B
2020-03-27 20:30:23,B
2020-03-27 20:30:24,B
2020-03-27 20:30:25,B
2020-03-27 20:30:26,B
2020-03-27 20:30:27,B
2020-03-27 20:30:28,B
2020-03-27 20:30:29,B
2020-03-25 19:26:14,B
2020-03-25 19:26:15,B
2020-03-25 19:26:16,B
2020-03-25 19:26:17,B
2020-03-25 19:26:18,B
2020-03-25 19:26:19,B
2020-03-25 19:26:20,B
2020-03-25 19:26:21,B
2020-03-25 19:26:22,B
2020-03-25 19:26:23,B
2020-03-25 19:26:24,B
2020-03-25 19:26:25,B
2020-03-25 19:26:26,B
2020-03-25 19:26:27,B
2020-03-25 19:26:28,B
2020-03-25 19:26:29,B
2020-04-02 21:11:01,B
2020-04-02 21:11:02,B
2020-04-02 21:11:03,B
2020-04-02 21:11:04,B
2020-04-02 21:11:05,B
2020-04-02 21:11:06,B
2020-04-02 21:11:07,B
2020-04-02 21:11:08,B
2020-04-02 21:11:09,B
2020-04-02 21:11:10,B
2020-04-02 21:11:11,B
2020-04-02 21:11:12,B
2020-04-02 21:11:13,B
2020-04-02 21:11:14,B
2020-04-02 21:11:15,B
2020-04-02 21:11:16,B
2020-03-21 21:40:42,B
2020-03-21 21:40:43,B
2020-03-21 21:40:44,B
2020-03-21 21:40:45,B
2020-03-21 21:40:46,B
2020-03-21 21:40:47,B
2020-03-21 21:40:48,B
2020-03-21 21:40:49,B
2020-03-21 21:40:50,B
2020-03-21 21:40:51,B
2020-03-21 21:40:52,B
2020-03-21 21:40:53,B
2020-03-21 21:40:54,B
2020-03-21 21:40:55,B
2020-03-21 21:40:56,B
2020-03-21 21:40:57,B
2020-03-29 19:32:38,B
2020-03-29 19:32:39,B
2020-03-29 19:32:40,B
2020-03-29 19:32:41,B
2020-03-29 19:32:42,B
2020-03-29 19:32:43,B
2020-03-29 19:32:44,B
2020-03-29 19:32:45,B
2020-03-29 19:32:46,B
2020-03-29 19:32:47,B
2020-03-29 19:32:48,B
2020-03-29 19:32:49,B
2020-03-29 19:32:50,B
2020-03-29 19:32:51,B
2020-03-29 19:32:52,B
2020-03-29 19:32:53,B
2020-03-31 21:32:52,B
2020-03-31 21:32:53,B
2020-03-31 21:32:54,B
2020-03-31 21:32:55,B
2020-03-31 21:32:56,B
2020-03-31 21:32:57,B
2020-03-31 21:32:58,B
2020-03-31 21:32:59,B
2020-03-31 21:33:00,B
2020-03-31 21:33:01,B
2020-03-31 21:33:02,B
2020-03-31 21:33:03,B
2020-03-31 21:33:04,B
2020-03-31 21:33:05,B
2020-03-31 21:33:06,B
2020-03-31 21:33:07,B
2020-03-24 19:45:52,B
2020-03-24 19:45:53,B
2020-03-24 19:45:54,B
2020-03-24 19:45:55,B
2020-03-24 19:45:56,B
2020-03-24 19:45:57,B
2020-03-24 19:45:58,B
2020-03-24 19:45:59,B
2020-03-24 19:46:00,B
2020-03-24 19:46:01,B
2020-03-24 19:46:02,B
2020-03-24 19:46:03,B
2020-03-24 19:46:04,B
2020-03-24 19:46:05,B
2020-03-24 19:46:06,B
2020-03-24 19:46:07,B
2020-04-02 22:23:40,B
2020-04-02 22:23:41,B
2020-04-02 22:23:42,B
2020-04-02 22:23:43,B
2020-04-02 22:23:44,B
2020-04-02 22:23:45,B
2020-04-02 22:23:46,B
2020-04-02 22:23:47,B
2020-04-02 22:23:48,B
2020-04-02 22:23:49,B
2020-04-02 22:23:50,B
2020-04-02 22:23:51,B
2020-04-02 22:23:52,B
2020-04-02 22:23:53,B
2020-04-02 22:23:54,B
2020-04-02 22:23:55,B
2020-03-22 21:08:49,B
2020-03-22 21:08:50,B
2020-03-22 21:08:51,B
2020-03-22 21:08:52,B
2020-03-22 21:08:53,B
2020-03-22 21:08:54,B
2020-03-22 21:08:55,B
2020-03-22 21:08:56,B
2020-03-22 21:08:57,B
2020-03-22 21:08:58,B
2020-03-22 21:08:59,B
2020-03-22 21:09:00,B
2020-03-22 21:09:01,B
2020-03-22 21:09:02,B
2020-03-22 21:09:03,B
2020-03-22 21:09:04,B
2020-03-23 20:43:19,B
2020-03-23 20:43:20,B
2020-03-23 20:43:21,B
2020-03-23 20:43:22,B
2020-03-23 20:43:23,B
2020-03-23 20:43:24,B
2020-03-23 20:43:25,B
2020-03-23 20:43:26,B
2020-03-23 20:43:27,B
2020-03-23 20:43:28,B
2020-03-23 20:43:29,B
2020-03-23 20:43:30,B
2020-03-23 20:43:31,B
2020-03-23 20:43:32,B
2020-03-23 20:43:33,B
2020-03-23 20:43:34,B
2020-03-25 20:33:08,B
2020-03-25 20:33:09,B
2020-03-25 20:33:10,B
2020-03-25 20:33:11,B
2020-03-25 20:33:12,B
2020-03-25 20:33:13,B
2020-03-25 20:33:14,B
2020-03-25 20:33:15,B
2020-03-25 20:33:16,B
2020-03-25 20:33:17,B
2020-03-25 20:33:18,B
2020-03-25 20:33:19,B
2020-03-25 20:33:20,B
2020-03-25 20:33:21,B
2020-03-25 20:33:22,B
2020-03-25 20:33:23,B
2020-04-02 08:20:41,C
2020-04-02 08:20:42,C
2020-04-02 08:20:43,C
2020-04-02 08:20:44,C
2020-04-02 08:20:45,C
2020-04-02 08:20:46,C
2020-04-02 08:20:47,C
2020-04-02 08:20:48,C
2020-04-02 08:20:49,C
2020-04-02 08:20:50,C
2020-04-02 08:20:51,C
2020-04-02 08:20:52,C
2020-04-02 08:20:53,C
2020-04-02 08:20:54,C
2020-04-02 08:20:55,C
2020-04-02 08:20:56,C
2020-04-02 21:30:44,C
2020-04-02 21:30:45,C
2020-04-02 21:30:46,C
2020-04-02 21:30:47,C
2020-04-02 21:30:48,C
2020-04-02 21:30:49,C
2020-04-02 21:30:50,C
2020-04-02 21:30:51,C
2020-04-02 21:30:52,C
2020-04-02 21:30:53,C
2020-04-02 21:30:54,C
2020-04-02 21:30:55,C
2020-04-02 21:30:56,C
2020-04-02 21:30:57,C
2020-04-02 21:30:58,C
2020-04-02 21:30:59,C
2020-04-02 19:13:04,C
2020-04-02 19:13:05,C
2020-04-02 19:13:06,C
2020-04-02 19:13:07,C
2020-04-02 19:13:08,C
2020-04-02 19:13:09,C
2020-04-02 19:13:10,C
2020-04-02 19:13:11,C
2020-04-02 19:13:12,C
2020-04-02 19:13:13,C
2020-04-02 19:13:14,C
2020-04-02 19:13:15,C
2020-04-02 19:13:16,C
2020-04-02 19:13:17,C
2020-04-02 19:13:18,C
2020-04-02 19:13:19,C
2020-03-27 00:00:36,D
2020-03-27 00:00:37,D
2020-03-27 00:00:38,D
2020-03-27 00:00:39,D
2020-03-27 00:00:40,D
2020-03-27 00:00:41,D
2020-03-27 00:00:42,D
2020-03-27 00:00:43,D
2020-03-27 00:00:44,D
2020-03-27 00:00:45,D
2020-03-27 00:00:46,D
2020-03-27 00:00:47,D
2020-03-27 00:00:48,D
2020-03-27 00:00:49,D
2020-03-27 00:00:50,D
2020-03-27 00:00:51,D
2020-03-30 20:08:24,D
2020-03-30 20:08:25,D
2020-03-30 20:08:26,D
2020-03-30 20:08:27,D
2020-03-30 20:08:28,D
2020-03-30 20:08:29,D
2020-03-30 20:08:30,D
2020-03-30 20:08:31,D
2020-03-30 20:08:32,D
2020-03-30 20:08:33,D
2020-03-30 20:08:34,D
2020-03-30 20:08:35,D
2020-03-30 20:08:36,D
2020-03-30 20:08:37,D
2020-03-30 20:08:38,D
2020-03-30 20:08:39,D
2020-03-31 22:03:37,D
2020-03-31 22:03:38,D
2020-03-31 22:03:39,D
2020-03-31 22:03:40,D
2020-03-31 22:03:41,D
2020-03-31 22:03:42,D
2020-03-31 22:03:43,D
2020-03-31 22:03:44,D
2020-03-31 22:03:45,D
2020-03-31 22:03:46,D
2020-03-31 22:03:47,D
2020-03-31 22:03:48,D
2020-03-31 22:03:49,D
2020-03-31 22:03:50,D
2020-03-31 22:03:51,D
2020-03-31 22:03:52,D
2020-03-24 19:57:51,D
2020-03-24 19:57:52,D
2020-03-24 19:57:53,D
2020-03-24 19:57:54,D
2020-03-24 19:57:55,D
2020-03-24 19:57:56,D
2020-03-24 19:57:57,D
2020-03-24 19:57:58,D
2020-03-24 19:57:59,D
2020-03-24 19:58:00,D
2020-03-24 19:58:01,D
2020-03-24 19:58:02,D
2020-03-24 19:58:03,D
2020-03-24 19:58:04,D
2020-03-24 19:58:05,D
2020-03-24 19:58:06,D
2020-03-25 20:26:13,D
2020-03-25 20:26:14,D
2020-03-25 20:26:15,D
2020-03-25 20:26:16,D
2020-03-25 20:26:17,D
2020-03-25 20:26:18,D
2020-03-25 20:26:19,D
2020-03-25 20:26:20,D
2020-03-25 20:26:21,D
2020-03-25 20:26:22,D
2020-03-25 20:26:23,D
2020-03-25 20:26:24,D
2020-03-25 20:26:25,D
2020-03-25 20:26:26,D
2020-03-25 20:26:27,D
2020-03-25 20:26:28,D
2020-03-23 17:57:27,D
2020-03-23 17:57:28,D
2020-03-23 17:57:29,D
2020-03-23 17:57:30,D
2020-03-23 17:57:31,D
2020-03-23 17:57:32,D
2020-03-23 17:57:33,D
2020-03-23 17:57:34,D
2020-03-23 17:57:35,D
2020-03-23 17:57:36,D
2020-03-23 17:57:37,D
2020-03-23 17:57:38,D
2020-03-23 17:57:39,D
2020-03-23 17:57:40,D
2020-03-23 17:57:41,D
2020-03-23 17:57:42,D
2020-03-27 23:26:06,D
2020-03-27 23:26:07,D
2020-03-27 23:26:08,D
2020-03-27 23:26:09,D
2020-03-27 23:26:10,D
2020-03-27 23:26:11,D
2020-03-27 23:26:12,D
2020-03-27 23:26:13,D
2020-03-27 23:26:14,D
2020-03-27 23:26:15,D
2020-03-27 23:26:16,D
2020-03-27 23:26:17,D
2020-03-27 23:26:18,D
2020-03-27 23:26:19,D
2020-03-27 23:26:20,D
2020-03-27 23:26:21,D
2020-04-01 21:59:50,E
2020-04-01 21:59:51,E
2020-04-01 21:59:52,E
2020-04-01 21:59:53,E
2020-04-01 21:59:54,E
2020-04-01 21:59:55,E
2020-04-01 21:59:56,E
2020-04-01 21:59:57,E
2020-04-01 21:59:58,E
2020-04-01 21:59:59,E
2020-04-01 22:00:00,E
2020-04-01 22:00:01,E
2020-04-01 22:00:02,E
2020-04-01 22:00:03,E
2020-04-01 22:00:04,E
2020-04-01 22:00:05,E
2020-03-24 22:33:02,E
2020-03-24 22:33:03,E
2020-03-24 22:33:04,E
2020-03-24 22:33:05,E
2020-03-24 22:33:06,E
2020-03-24 22:33:07,E
2020-03-24 22:33:08,E
2020-03-24 22:33:09,E
2020-03-24 22:33:10,E
2020-03-24 22:33:11,E
2020-03-24 22:33:12,E
2020-03-24 22:33:13,E
2020-03-24 22:33:14,E
2020-03-24 22:33:15,E
2020-03-24 22:33:16,E
2020-03-24 22:33:17,E
2020-03-20 19:09:31,E
2020-03-20 19:09:32,E
2020-03-20 19:09:33,E
2020-03-20 19:09:34,E
2020-03-20 19:09:35,E
2020-03-20 19:09:36,E
2020-03-20 19:09:37,E
2020-03-20 19:09:38,E
2020-03-20 19:09:39,E
2020-03-20 19:09:40,E
2020-03-20 19:09:41,E
2020-03-20 19:09:42,E
2020-03-20 19:09:43,E
2020-03-20 19:09:44,E
2020-03-20 19:09:45,E
2020-03-20 19:09:46,E
2020-03-26 19:11:34,E
2020-03-26 19:11:35,E
2020-03-26 19:11:36,E
2020-03-26 19:11:37,E
2020-03-26 19:11:38,E
2020-03-26 19:11:39,E
2020-03-26 19:11:40,E
2020-03-26 19:11:41,E
2020-03-26 19:11:42,E
2020-03-26 19:11:43,E
2020-03-26 19:11:44,E
2020-03-26 19:11:45,E
2020-03-26 19:11:46,E
2020-03-26 19:11:47,E
2020-03-26 19:11:48,E
2020-03-26 19:11:49,E
2020-03-23 21:45:23,F
2020-03-23 21:45:24,F
2020-03-23 21:45:25,F
2020-03-23 21:45:26,F
2020-03-23 21:45:27,F
2020-03-23 21:45:28,F
2020-03-23 21:45:29,F
2020-03-23 21:45:30,F
2020-03-23 21:45:31,F
2020-03-23 21:45:32,F
2020-03-23 21:45:33,F
2020-03-23 21:45:34,F
2020-03-23 21:45:35,F
2020-03-23 21:45:36,F
2020-03-23 21:45:37,F
2020-03-23 21:45:38,F
2020-03-28 22:41:20,F
2020-03-28 22:41:21,F
2020-03-28 22:41:22,F
2020-03-28 22:41:23,F
2020-03-28 22:41:24,F
2020-03-28 22:41:25,F
2020-03-28 22:41:26,F
2020-03-28 22:41:27,F
2020-03-28 22:41:28,F
2020-03-28 22:41:29,F
2020-03-28 22:41:30,F
2020-03-28 22:41:31,F
2020-03-28 22:41:32,F
2020-03-28 22:41:33,F
2020-03-28 22:41:34,F
2020-03-28 22:41:35,F
2020-03-22 21:43:59,F
2020-03-22 21:44:00,F
2020-03-22 21:44:01,F
2020-03-22 21:44:02,F
2020-03-22 21:44:03,F
2020-03-22 21:44:04,F
2020-03-22 21:44:05,F
2020-03-22 21:44:06,F
2020-03-22 21:44:07,F
2020-03-22 21:44:08,F
2020-03-22 21:44:09,F
2020-03-22 21:44:10,F
2020-03-22 21:44:11,F
2020-03-22 21:44:12,F
2020-03-22 21:44:13,F
2020-03-22 21:44:14,F
2020-03-27 23:47:28,F
2020-03-27 23:47:29,F
2020-03-27 23:47:30,F
2020-03-27 23:47:31,F
2020-03-27 23:47:32,F
2020-03-27 23:47:33,F
2020-03-27 23:47:34,F
2020-03-27 23:47:35,F
2020-03-27 23:47:36,F
2020-03-27 23:47:37,F
2020-03-27 23:47:38,F
2020-03-27 23:47:39,F
2020-03-27 23:47:40,F
2020-03-27 23:47:41,F
2020-03-27 23:47:42,F
2020-03-27 23:47:43,F
2020-03-29 23:26:14,F
2020-03-29 23:26:15,F
2020-03-29 23:26:16,F
2020-03-29 23:26:17,F
2020-03-29 23:26:18,F
2020-03-29 23:26:19,F
2020-03-29 23:26:20,F
2020-03-29 23:26:21,F
2020-03-29 23:26:22,F
2020-03-29 23:26:23,F
2020-03-29 23:26:24,F
2020-03-29 23:26:25,F
2020-03-29 23:26:26,F
2020-03-29 23:26:27,F
2020-03-29 23:26:28,F
2020-03-29 23:26:29,F
2020-03-21 22:46:28,F
2020-03-21 22:46:29,F
2020-03-21 22:46:30,F
2020-03-21 22:46:31,F
2020-03-21 22:46:32,F
2020-03-21 22:46:33,F
2020-03-21 22:46:34,F
2020-03-21 22:46:35,F
2020-03-21 22:46:36,F
2020-03-21 22:46:37,F
2020-03-21 22:46:38,F
2020-03-21 22:46:39,F
2020-03-21 22:46:40,F
2020-03-21 22:46:41,F
2020-03-21 22:46:42,F
2020-03-21 22:46:43,F
2020-03-29 21:57:58,F
2020-03-29 21:57:59,F
2020-03-29 21:58:00,F
2020-03-29 21:58:01,F
2020-03-29 21:58:02,F
2020-03-29 21:58:03,F
2020-03-29 21:58:04,F
2020-03-29 21:58:05,F
2020-03-29 21:58:06,F
2020-03-29 21:58:07,F
2020-03-29 21:58:08,F
2020-03-29 21:58:09,F
2020-03-29 21:58:10,F
2020-03-29 21:58:11,F
2020-03-29 21:58:12,F
2020-03-29 21:58:13,F
2020-03-21 21:22:29,F
2020-03-21 21:22:30,F
2020-03-21 21:22:31,F
2020-03-21 21:22:32,F
2020-03-21 21:22:33,F
2020-03-21 21:22:34,F
2020-03-21 21:22:35,F
2020-03-21 21:22:36,F
2020-03-21 21:22:37,F
2020-03-21 21:22:38,F
2020-03-21 21:22:39,F
2020-03-21 21:22:40,F
2020-03-21 21:22:41,F
2020-03-21 21:22:42,F
2020-03-21 21:22:43,F
2020-03-21 21:22:44,F
2020-03-30 19:07:16,F
2020-03-30 19:07:17,F
2020-03-30 19:07:18,F
2020-03-30 19:07:19,F
2020-03-30 19:07:20,F
2020-03-30 19:07:21,F
2020-03-30 19:07:22,F
2020-03-30 19:07:23,F
2020-03-30 19:07:24,F
2020-03-30 19:07:25,F
2020-03-30 19:07:26,F
2020-03-30 19:07:27,F
2020-03-30 19:07:28,F
2020-03-30 19:07:29,F
2020-03-30 19:07:30,F
2020-03-30 19:07:31,F
2020-03-29 00:03:03,F
2020-03-29 00:03:04,F
2020-03-29 00:03:05,F
2020-03-29 00:03:06,F
2020-03-29 00:03:07,F
2020-03-29 00:03:08,F
2020-03-29 00:03:09,F
2020-03-29 00:03:10,F
2020-03-29 00:03:11,F
2020-03-29 00:03:12,F
2020-03-29 00:03:13,F
2020-03-29 00:03:14,F
2020-03-29 00:03:15,F
2020-03-29 00:03:16,F
2020-03-29 00:03:17,F
2020-03-29 00:03:18,F
2020-03-22 18:32:00,F
2020-03-22 18:32:01,F
2020-03-22 18:32:02,F
2020-03-22 18:32:03,F
2020-03-22 18:32:04,F
2020-03-22 18:32:05,F
2020-03-22 18:32:06,F
2020-03-22 18:32:07,F
2020-03-22 18:32:08,F
2020-03-22 18:32:09,F
2020-03-22 18:32:10,F
2020-03-22 18:32:11,F
2020-03-22 18:32:12,F
2020-03-22 18:32:13,F
2020-03-22 18:32:14,F
2020-03-22 18:32:15,F
2020-03-22 15:57:55,G
2020-03-22 15:57:56,G
2020-03-22 15:57:57,G
2020-03-22 15:57:58,G
2020-03-22 15:57:59,G
2020-03-22 15:58:00,G
2020-03-22 15:58:01,G
2020-03-22 15:58:02,G
2020-03-22 15:58:03,G
2020-03-22 15:58:04,G
2020-03-22 15:58:05,G
2020-03-22 15:58:06,G
2020-03-22 15:58:07,G
2020-03-22 15:58:08,G
2020-03-22 15:58:09,G
2020-03-22 15:58:10,G
2020-03-30 23:55:35,G
2020-03-30 23:55:36,G
2020-03-30 23:55:37,G
2020-03-30 23:55:38,G
2020-03-30 23:55:39,G
2020-03-30 23:55:40,G
2020-03-30 23:55:41,G
2020-03-30 23:55:42,G
2020-03-30 23:55:43,G
2020-03-30 23:55:44,G
2020-03-30 23:55:45,G
2020-03-30 23:55:46,G
2020-03-30 23:55:47,G
2020-03-30 23:55:48,G
2020-03-30 23:55:49,G
2020-03-30 23:55:50,G
2020-03-27 23:52:52,G
2020-03-27 23:52:53,G
2020-03-27 23:52:54,G
2020-03-27 23:52:55,G
2020-03-27 23:52:56,G
2020-03-27 23:52:57,G
2020-03-27 23:52:58,G
2020-03-27 23:52:59,G
2020-03-27 23:53:00,G
2020-03-27 23:53:01,G
2020-03-27 23:53:02,G
2020-03-27 23:53:03,G
2020-03-27 23:53:04,G
2020-03-27 23:53:05,G
2020-03-27 23:53:06,G
2020-03-27 23:53:07,G
2020-03-30 21:49:59,G
2020-03-30 21:50:00,G
2020-03-30 21:50:01,G
2020-03-30 21:50:02,G
2020-03-30 21:50:03,G
2020-03-30 21:50:04,G
2020-03-30 21:50:05,G
2020-03-30 21:50:06,G
2020-03-30 21:50:07,G
2020-03-30 21:50:08,G
2020-03-30 21:50:09,G
2020-03-30 21:50:10,G
2020-03-30 21:50:11,G
2020-03-30 21:50:12,G
2020-03-30 21:50:13,G
2020-03-30 21:50:14,G
2020-04-01 17:08:37,G
2020-04-01 17:08:38,G
2020-04-01 17:08:39,G
2020-04-01 17:08:40,G
2020-04-01 17:08:41,G
2020-04-01 17:08:42,G
2020-04-01 17:08:43,G
2020-04-01 17:08:44,G
2020-04-01 17:08:45,G
2020-04-01 17:08:46,G
2020-04-01 17:08:47,G
2020-04-01 17:08:48,G
2020-04-01 17:08:49,G
2020-04-01 17:08:50,G
2020-04-01 17:08:51,G
2020-04-01 17:08:52,G
2020-03-25 16:16:48,G
2020-03-25 16:16:49,G
2020-03-25 16:16:50,G
2020-03-25 16:16:51,G
2020-03-25 16:16:52,G
2020-03-25 16:16:53,G
2020-03-25 16:16:54,G
2020-03-25 16:16:55,G
2020-03-25 16:16:56,G
2020-03-25 16:16:57,G
2020-03-25 16:16:58,G
2020-03-25 16:16:59,G
2020-03-25 16:17:00,G
2020-03-25 16:17:01,G
2020-03-25 16:17:02,G
2020-03-25 16:17:03,G
2020-04-02 17:07:02,G
2020-04-02 17:07:03,G
2020-04-02 17:07:04,G
2020-04-02 17:07:05,G
2020-04-02 17:07:06,G
2020-04-02 17:07:07,G
2020-04-02 17:07:08,G
2020-04-02 17:07:09,G
2020-04-02 17:07:10,G
2020-04-02 17:07:11,G
2020-04-02 17:07:12,G
2020-04-02 17:07:13,G
2020-04-02 17:07:14,G
2020-04-02 17:07:15,G
2020-04-02 17:07:16,G
2020-04-02 17:07:17,G
2020-03-31 20:54:39,G
2020-03-31 20:54:40,G
2020-03-31 20:54:41,G
2020-03-31 20:54:42,G
2020-03-31 20:54:43,G
2020-03-31 20:54:44,G
2020-03-31 20:54:45,G
2020-03-31 20:54:46,G
2020-03-31 20:54:47,G
2020-03-31 20:54:48,G
2020-03-31 20:54:49,G
2020-03-31 20:54:50,G
2020-03-31 20:54:51,G
2020-03-31 20:54:52,G
2020-03-31 20:54:53,G
2020-03-31 20:54:54,G
2020-03-24 20:17:59,G
2020-03-24 20:18:00,G
2020-03-24 20:18:01,G
2020-03-24 20:18:02,G
2020-03-24 20:18:03,G
2020-03-24 20:18:04,G
2020-03-24 20:18:05,G
2020-03-24 20:18:06,G
2020-03-24 20:18:07,G
2020-03-24 20:18:08,G
2020-03-24 20:18:09,G
2020-03-24 20:18:10,G
2020-03-24 20:18:11,G
2020-03-24 20:18:12,G
2020-03-24 20:18:13,G
2020-03-24 20:18:14,G
2020-03-19 20:21:28,G
2020-03-19 20:21:29,G
2020-03-19 20:21:30,G
2020-03-19 20:21:31,G
2020-03-19 20:21:32,G
2020-03-19 20:21:33,G
2020-03-19 20:21:34,G
2020-03-19 20:21:35,G
2020-03-19 20:21:36,G
2020-03-19 20:21:37,G
2020-03-19 20:21:38,G
2020-03-19 20:21:39,G
2020-03-19 20:21:40,G
2020-03-19 20:21:41,G
2020-03-19 20:21:42,G
2020-03-19 20:21:43,G
2020-03-21 19:21:02,G
2020-03-21 19:21:03,G
2020-03-21 19:21:04,G
2020-03-21 19:21:05,G
2020-03-21 19:21:06,G
2020-03-21 19:21:07,G
2020-03-21 19:21:08,G
2020-03-21 19:21:09,G
2020-03-21 19:21:10,G
2020-03-21 19:21:11,G
2020-03-21 19:21:12,G
2020-03-21 19:21:13,G
2020-03-21 19:21:14,G
2020-03-21 19:21:15,G
2020-03-21 19:21:16,G
2020-03-21 19:21:17,G
2020-03-28 21:15:23,G
2020-03-28 21:15:24,G
2020-03-28 21:15:25,G
2020-03-28 21:15:26,G
2020-03-28 21:15:27,G
2020-03-28 21:15:28,G
2020-03-28 21:15:29,G
2020-03-28 21:15:30,G
2020-03-28 21:15:31,G
2020-03-28 21:15:32,G
2020-03-28 21:15:33,G
2020-03-28 21:15:34,G
2020-03-28 21:15:35,G
2020-03-28 21:15:36,G
2020-03-28 21:15:37,G
2020-03-28 21:15:38,G
2020-03-30 18:49:13,AA
2020-03-30 18:49:14,AA
2020-03-30 18:49:15,AA
2020-03-30 18:49:16,AA
2020-03-30 18:49:17,AA
2020-03-30 18:49:18,AA
2020-03-30 18:49:19,AA
2020-03-30 18:49:20,AA
2020-03-30 18:49:21,AA
2020-03-30 18:49:22,AA
2020-03-30 18:49:23,AA
2020-03-30 18:49:24,AA
2020-03-30 18:49:25,AA
2020-03-30 18:49:26,AA
2020-03-30 18:49:27,AA
2020-03-30 18:49:28,AA
2020-03-22 20:05:47,AA
2020-03-22 20:05:48,AA
2020-03-22 20:05:49,AA
2020-03-22 20:05:50,AA
2020-03-22 20:05:51,AA
2020-03-22 20:05:52,AA
2020-03-22 20:05:53,AA
2020-03-22 20:05:54,AA
2020-03-22 20:05:55,AA
2020-03-22 20:05:56,AA
2020-03-22 20:05:57,AA
2020-03-22 20:05:58,AA
2020-03-22 20:05:59,AA
2020-03-22 20:06:00,AA
2020-03-22 20:06:01,AA
2020-03-22 20:06:02,AA
2020-03-23 21:21:32,AA
2020-03-23 21:21:33,AA
2020-03-23 21:21:34,AA
2020-03-23 21:21:35,AA
2020-03-23 21:21:36,AA
2020-03-23 21:21:37,AA
2020-03-23 21:21:38,AA
2020-03-23 21:21:39,AA
2020-03-23 21:21:40,AA
2020-03-23 21:21:41,AA
2020-03-23 21:21:42,AA
2020-03-23 21:21:43,AA
2020-03-23 21:21:44,AA
2020-03-23 21:21:45,AA
2020-03-23 21:21:46,AA
2020-03-23 21:21:47,AA
2020-03-25 18:55:38,AA
2020-03-25 18:55:39,AA
2020-03-25 18:55:40,AA
2020-03-25 18:55:41,AA
2020-03-25 18:55:42,AA
2020-03-25 18:55:43,AA
2020-03-25 18:55:44,AA
2020-03-25 18:55:45,AA
2020-03-25 18:55:46,AA
2020-03-25 18:55:47,AA
2020-03-25 18:55:48,AA
2020-03-25 18:55:49,AA
2020-03-25 18:55:50,AA
2020-03-25 18:55:51,AA
2020-03-25 18:55:52,AA
2020-03-25 18:55:53,AA
2020-03-29 21:21:55,AA
2020-03-29 21:21:56,AA
2020-03-29 21:21:57,AA
2020-03-29 21:21:58,AA
2020-03-29 21:21:59,AA
2020-03-29 21:22:00,AA
2020-03-29 21:22:01,AA
2020-03-29 21:22:02,AA
2020-03-29 21:22:03,AA
2020-03-29 21:22:04,AA
2020-03-29 21:22:05,AA
2020-03-29 21:22:06,AA
2020-03-29 21:22:07,AA
2020-03-29 21:22:08,AA
2020-03-29 21:22:09,AA
2020-03-29 21:22:10,AA
2020-03-22 20:51:45,AA
2020-03-22 20:51:46,AA
2020-03-22 20:51:47,AA
2020-03-22 20:51:48,AA
2020-03-22 20:51:49,AA
2020-03-22 20:51:50,AA
2020-03-22 20:51:51,AA
2020-03-22 20:51:52,AA
2020-03-22 20:51:53,AA
2020-03-22 20:51:54,AA
2020-03-22 20:51:55,AA
2020-03-22 20:51:56,AA
2020-03-22 20:51:57,AA
2020-03-22 20:51:58,AA
2020-03-22 20:51:59,AA
2020-03-22 20:52:00,AA
2020-03-21 21:13:07,AA
2020-03-21 21:13:08,AA
2020-03-21 21:13:09,AA
2020-03-21 21:13:10,AA
2020-03-21 21:13:11,AA
2020-03-21 21:13:12,AA
2020-03-21 21:13:13,AA
2020-03-21 21:13:14,AA
2020-03-21 21:13:15,AA
2020-03-21 21:13:16,AA
2020-03-21 21:13:17,AA
2020-03-21 21:13:18,AA
2020-03-21 21:13:19,AA
2020-03-21 21:13:20,AA
2020-03-21 21:13:21,AA
2020-03-21 21:13:22,AA
2020-03-29 22:05:06,AA
2020-03-29 22:05:07,AA
2020-03-29 22:05:08,AA
2020-03-29 22:05:09,AA
2020-03-29 22:05:10,AA
2020-03-29 22:05:11,AA
2020-03-29 22:05:12,AA
2020-03-29 22:05:13,AA
2020-03-29 22:05:14,AA
2020-03-29 22:05:15,AA
2020-03-29 22:05:16,AA
2020-03-29 22:05:17,AA
2020-03-29 22:05:18,AA
2020-03-29 22:05:19,AA
2020-03-29 22:05:20,AA
2020-03-29 22:05:21,AA
2020-03-28 21:54:25,AA
2020-03-28 21:54:26,AA
2020-03-28 21:54:27,AA
2020-03-28 21:54:28,AA
2020-03-28 21:54:29,AA
2020-03-28 21:54:30,AA
2020-03-28 21:54:31,AA
2020-03-28 21:54:32,AA
2020-03-28 21:54:33,AA
2020-03-28 21:54:34,AA
2020-03-28 21:54:35,AA
2020-03-28 21:54:36,AA
2020-03-28 21:54:37,AA
2020-03-28 21:54:38,AA
2020-03-28 21:54:39,AA
2020-03-28 21:54:40,AA
2020-03-25 21:37:40,AA
2020-03-25 21:37:41,AA
2020-03-25 21:37:42,AA
2020-03-25 21:37:43,AA
2020-03-25 21:37:44,AA
2020-03-25 21:37:45,AA
2020-03-25 21:37:46,AA
2020-03-25 21:37:47,AA
2020-03-25 21:37:48,AA
2020-03-25 21:37:49,AA
2020-03-25 21:37:50,AA
2020-03-25 21:37:51,AA
2020-03-25 21:37:52,AA
2020-03-25 21:37:53,AA
2020-03-25 21:37:54,AA
2020-03-25 21:37:55,AA
2020-03-23 20:42:45,AA
2020-03-23 20:42:46,AA
2020-03-23 20:42:47,AA
2020-03-23 20:42:48,AA
2020-03-23 20:42:49,AA
2020-03-23 20:42:50,AA
2020-03-23 20:42:51,AA
2020-03-23 20:42:52,AA
2020-03-23 20:42:53,AA
2020-03-23 20:42:54,AA
2020-03-23 20:42:55,AA
2020-03-23 20:42:56,AA
2020-03-23 20:42:57,AA
2020-03-23 20:42:58,AA
2020-03-23 20:42:59,AA
2020-03-23 20:43:00,AA
2020-03-21 20:44:57,AA
2020-03-21 20:44:58,AA
2020-03-21 20:44:59,AA
2020-03-21 20:45:00,AA
2020-03-21 20:45:01,AA
2020-03-21 20:45:02,AA
2020-03-21 20:45:03,AA
2020-03-21 20:45:04,AA
2020-03-21 20:45:05,AA
2020-03-21 20:45:06,AA
2020-03-21 20:45:07,AA
2020-03-21 20:45:08,AA
2020-03-21 20:45:09,AA
2020-03-21 20:45:10,AA
2020-03-21 20:45:11,AA
2020-03-21 20:45:12,AA
2020-03-28 21:21:47,AA
2020-03-28 21:21:48,AA
2020-03-28 21:21:49,AA
2020-03-28 21:21:50,AA
2020-03-28 21:21:51,AA
2020-03-28 21:21:52,AA
2020-03-28 21:21:53,AA
2020-03-28 21:21:54,AA
2020-03-28 21:21:55,AA
2020-03-28 21:21:56,AA
2020-03-28 21:21:57,AA
2020-03-28 21:21:58,AA
2020-03-28 21:21:59,AA
2020-03-28 21:22:00,AA
2020-03-28 21:22:01,AA
2020-03-28 21:22:02,AA
2020-03-30 21:37:07,AA
2020-03-30 21:37:08,AA
2020-03-30 21:37:09,AA
2020-03-30 21:37:10,AA
2020-03-30 21:37:11,AA
2020-03-30 21:37:12,AA
2020-03-30 21:37:13,AA
2020-03-30 21:37:14,AA
2020-03-30 21:37:15,AA
2020-03-30 21:37:16,AA
2020-03-30 21:37:17,AA
2020-03-30 21:37:18,AA
2020-03-30 21:37:19,AA
2020-03-30 21:37:20,AA
2020-03-30 21:37:21,AA
2020-03-30 21:37:22,AA
2020-03-30 12:36:53,BB
2020-03-30 12:36:54,BB
2020-03-30 12:36:55,BB
2020-03-30 12:36:56,BB
2020-03-30 12:36:57,BB
2020-03-30 12:36:58,BB
2020-03-30 12:36:59,BB
2020-03-30 12:37:00,BB
2020-03-30 12:37:01,BB
2020-03-30 12:37:02,BB
2020-03-30 12:37:03,BB
2020-03-30 12:37:04,BB
2020-03-30 12:37:05,BB
2020-03-30 12:37:06,BB
2020-03-30 12:37:07,BB
2020-03-30 12:37:08,BB
2020-04-02 17:13:53,BB
2020-04-02 17:13:54,BB
2020-04-02 17:13:55,BB
2020-04-02 17:13:56,BB
2020-04-02 17:13:57,BB
2020-04-02 17:13:58,BB
2020-04-02 17:13:59,BB
2020-04-02 17:14:00,BB
2020-04-02 17:14:01,BB
2020-04-02 17:14:02,BB
2020-04-02 17:14:03,BB
2020-04-02 17:14:04,BB
2020-04-02 17:14:05,BB
2020-04-02 17:14:06,BB
2020-04-02 17:14:07,BB
2020-04-02 17:14:08,BB
2020-03-27 15:51:15,BB
2020-03-27 15:51:16,BB
2020-03-27 15:51:17,BB
2020-03-27 15:51:18,BB
2020-03-27 15:51:19,BB
2020-03-27 15:51:20,BB
2020-03-27 15:51:21,BB
2020-03-27 15:51:22,BB
2020-03-27 15:51:23,BB
2020-03-27 15:51:24,BB
2020-03-27 15:51:25,BB
2020-03-27 15:51:26,BB
2020-03-27 15:51:27,BB
2020-03-27 15:51:28,BB
2020-03-27 15:51:29,BB
2020-03-27 15:51:30,BB
2020-03-27 10:25:41,BB
2020-03-27 10:25:42,BB
2020-03-27 10:25:43,BB
2020-03-27 10:25:44,BB
2020-03-27 10:25:45,BB
2020-03-27 10:25:46,BB
2020-03-27 10:25:47,BB
2020-03-27 10:25:48,BB
2020-03-27 10:25:49,BB
2020-03-27 10:25:50,BB
2020-03-27 10:25:51,BB
2020-03-27 10:25:52,BB
2020-03-27 10:25:53,BB
2020-03-27 10:25:54,BB
2020-03-27 10:25:55,BB
2020-03-27 10:25:56,BB
2020-04-01 12:25:24,BB
2020-04-01 12:25:25,BB
2020-04-01 12:25:26,BB
2020-04-01 12:25:27,BB
2020-04-01 12:25:28,BB
2020-04-01 12:25:29,BB
2020-04-01 12:25:30,BB
2020-04-01 12:25:31,BB
2020-04-01 12:25:32,BB
2020-04-01 12:25:33,BB
2020-04-01 12:25:34,BB
2020-04-01 12:25:35,BB
2020-04-01 12:25:36,BB
2020-04-01 12:25:37,BB
2020-04-01 12:25:38,BB
2020-04-01 12:25:39,BB
2020-03-23 14:07:30,BB
2020-03-23 14:07:31,BB
2020-03-23 14:07:32,BB
2020-03-23 14:07:33,BB
2020-03-23 14:07:34,BB
2020-03-23 14:07:35,BB
2020-03-23 14:07:36,BB
2020-03-23 14:07:37,BB
2020-03-23 14:07:38,BB
2020-03-23 14:07:39,BB
2020-03-23 14:07:40,BB
2020-03-23 14:07:41,BB
2020-03-23 14:07:42,BB
2020-03-23 14:07:43,BB
2020-03-23 14:07:44,BB
2020-03-23 14:07:45,BB
2020-03-31 10:53:12,BB
2020-03-31 10:53:13,BB
2020-03-31 10:53:14,BB
2020-03-31 10:53:15,BB
2020-03-31 10:53:16,BB
2020-03-31 10:53:17,BB
2020-03-31 10:53:18,BB
2020-03-31 10:53:19,BB
2020-03-31 10:53:20,BB
2020-03-31 10:53:21,BB
2020-03-31 10:53:22,BB
2020-03-31 10:53:23,BB
2020-03-31 10:53:24,BB
2020-03-31 10:53:25,BB
2020-03-31 10:53:26,BB
2020-03-31 10:53:27,BB
2020-03-25 12:32:02,BB
2020-03-25 12:32:03,BB
2020-03-25 12:32:04,BB
2020-03-25 12:32:05,BB
2020-03-25 12:32:06,BB
2020-03-25 12:32:07,BB
2020-03-25 12:32:08,BB
2020-03-25 12:32:09,BB
2020-03-25 12:32:10,BB
2020-03-25 12:32:11,BB
2020-03-25 12:32:12,BB
2020-03-25 12:32:13,BB
2020-03-25 12:32:14,BB
2020-03-25 12:32:15,BB
2020-03-25 12:32:16,BB
2020-03-25 12:32:17,BB
2020-03-26 10:12:08,BB
2020-03-26 10:12:09,BB
2020-03-26 10:12:10,BB
2020-03-26 10:12:11,BB
2020-03-26 10:12:12,BB
2020-03-26 10:12:13,BB
2020-03-26 10:12:14,BB
2020-03-26 10:12:15,BB
2020-03-26 10:12:16,BB
2020-03-26 10:12:17,BB
2020-03-26 10:12:18,BB
2020-03-26 10:12:19,BB
2020-03-26 10:12:20,BB
2020-03-26 10:12:21,BB
2020-03-26 10:12:22,BB
2020-03-26 10:12:23,BB
2020-04-02 19:34:49,BB
2020-04-02 19:34:50,BB
2020-04-02 19:34:51,BB
2020-04-02 19:34:52,BB
2020-04-02 19:34:53,BB
2020-04-02 19:34:54,BB
2020-04-02 19:34:55,BB
2020-04-02 19:34:56,BB
2020-04-02 19:34:57,BB
2020-04-02 19:34:58,BB
2020-04-02 19:34:59,BB
2020-04-02 19:35:00,BB
2020-04-02 19:35:01,BB
2020-04-02 19:35:02,BB
2020-04-02 19:35:03,BB
2020-04-02 19:35:04,BB
2020-03-23 21:53:30,BB
2020-03-23 21:53:31,BB
2020-03-23 21:53:32,BB
2020-03-23 21:53:33,BB
2020-03-23 21:53:34,BB
2020-03-23 21:53:35,BB
2020-03-23 21:53:36,BB
2020-03-23 21:53:37,BB
2020-03-23 21:53:38,BB
2020-03-23 21:53:39,BB
2020-03-23 21:53:40,BB
2020-03-23 21:53:41,BB
2020-03-23 21:53:42,BB
2020-03-23 21:53:43,BB
2020-03-23 21:53:44,BB
2020-03-23 21:53:45,BB
2020-03-30 19:33:59,BB
2020-03-30 19:34:00,BB
2020-03-30 19:34:01,BB
2020-03-30 19:34:02,BB
2020-03-30 19:34:03,BB
2020-03-30 19:34:04,BB
2020-03-30 19:34:05,BB
2020-03-30 19:34:06,BB
2020-03-30 19:34:07,BB
2020-03-30 19:34:08,BB
2020-03-30 19:34:09,BB
2020-03-30 19:34:10,BB
2020-03-30 19:34:11,BB
2020-03-30 19:34:12,BB
2020-03-30 19:34:13,BB
2020-03-30 19:34:14,BB
2020-04-01 18:40:01,BB
2020-04-01 18:40:02,BB
2020-04-01 18:40:03,BB
2020-04-01 18:40:04,BB
2020-04-01 18:40:05,BB
2020-04-01 18:40:06,BB
2020-04-01 18:40:07,BB
2020-04-01 18:40:08,BB
2020-04-01 18:40:09,BB
2020-04-01 18:40:10,BB
2020-04-01 18:40:11,BB
2020-04-01 18:40:12,BB
2020-04-01 18:40:13,BB
2020-04-01 18:40:14,BB
2020-04-01 18:40:15,BB
2020-04-01 18:40:16,BB
2020-03-25 21:53:50,BB
2020-03-25 21:53:51,BB
2020-03-25 21:53:52,BB
2020-03-25 21:53:53,BB
2020-03-25 21:53:54,BB
2020-03-25 21:53:55,BB
2020-03-25 21:53:56,BB
2020-03-25 21:53:57,BB
2020-03-25 21:53:58,BB
2020-03-25 21:53:59,BB
2020-03-25 21:54:00,BB
2020-03-25 21:54:01,BB
2020-03-25 21:54:02,BB
2020-03-25 21:54:03,BB
2020-03-25 21:54:04,BB
2020-03-25 21:54:05,BB
2020-03-25 22:35:26,BB
2020-03-25 22:35:27,BB
2020-03-25 22:35:28,BB
2020-03-25 22:35:29,BB
2020-03-25 22:35:30,BB
2020-03-25 22:35:31,BB
2020-03-25 22:35:32,BB
2020-03-25 22:35:33,BB
2020-03-25 22:35:34,BB
2020-03-25 22:35:35,BB
2020-03-25 22:35:36,BB
2020-03-25 22:35:37,BB
2020-03-25 22:35:38,BB
2020-03-25 22:35:39,BB
2020-03-25 22:35:40,BB
2020-03-25 22:35:41,BB
2020-03-26 23:09:39,BB
2020-03-26 23:09:40,BB
2020-03-26 23:09:41,BB
2020-03-26 23:09:42,BB
2020-03-26 23:09:43,BB
2020-03-26 23:09:44,BB
2020-03-26 23:09:45,BB
2020-03-26 23:09:46,BB
2020-03-26 23:09:47,BB
2020-03-26 23:09:48,BB
2020-03-26 23:09:49,BB
2020-03-26 23:09:50,BB
2020-03-26 23:09:51,BB
2020-03-26 23:09:52,BB
2020-03-26 23:09:53,BB
2020-03-26 23:09:54,BB
2020-03-24 21:32:44,BB
2020-03-24 21:32:45,BB
2020-03-24 21:32:46,BB
2020-03-24 21:32:47,BB
2020-03-24 21:32:48,BB
2020-03-24 21:32:49,BB
2020-03-24 21:32:50,BB
2020-03-24 21:32:51,BB
2020-03-24 21:32:52,BB
2020-03-24 21:32:53,BB
2020-03-24 21:32:54,BB
2020-03-24 21:32:55,BB
2020-03-24 21:32:56,BB
2020-03-24 21:32:57,BB
2020-03-24 21:32:58,BB
2020-03-24 21:32:59,BB
2020-03-30 19:55:22,BB
2020-03-30 19:55:23,BB
2020-03-30 19:55:24,BB
2020-03-30 19:55:25,BB
2020-03-30 19:55:26,BB
2020-03-30 19:55:27,BB
2020-03-30 19:55:28,BB
2020-03-30 19:55:29,BB
2020-03-30 19:55:30,BB
2020-03-30 19:55:31,BB
2020-03-30 19:55:32,BB
2020-03-30 19:55:33,BB
2020-03-30 19:55:34,BB
2020-03-30 19:55:35,BB
2020-03-30 19:55:36,BB
2020-03-30 19:55:37,BB
2020-03-31 18:50:15,BB
2020-03-31 18:50:16,BB
2020-03-31 18:50:17,BB
2020-03-31 18:50:18,BB
2020-03-31 18:50:19,BB
2020-03-31 18:50:20,BB
2020-03-31 18:50:21,BB
2020-03-31 18:50:22,BB
2020-03-31 18:50:23,BB
2020-03-31 18:50:24,BB
2020-03-31 18:50:25,BB
2020-03-31 18:50:26,BB
2020-03-31 18:50:27,BB
2020-03-31 18:50:28,BB
2020-03-31 18:50:29,BB
2020-03-31 18:50:30,BB
2020-03-27 23:47:25,BB
2020-03-27 23:47:26,BB
2020-03-27 23:47:27,BB
2020-03-27 23:47:28,BB
2020-03-27 23:47:29,BB
2020-03-27 23:47:30,BB
2020-03-27 23:47:31,BB
2020-03-27 23:47:32,BB
2020-03-27 23:47:33,BB
2020-03-27 23:47:34,BB
2020-03-27 23:47:35,BB
2020-03-27 23:47:36,BB
2020-03-27 23:47:37,BB
2020-03-27 23:47:38,BB
2020-03-27 23:47:39,BB
2020-03-27 23:47:40,BB
2020-03-24 21:54:30,BB
2020-03-24 21:54:31,BB
2020-03-24 21:54:32,BB
2020-03-24 21:54:33,BB
2020-03-24 21:54:34,BB
2020-03-24 21:54:35,BB
2020-03-24 21:54:36,BB
2020-03-24 21:54:37,BB
2020-03-24 21:54:38,BB
2020-03-24 21:54:39,BB
2020-03-24 21:54:40,BB
2020-03-24 21:54:41,BB
2020-03-24 21:54:42,BB
2020-03-24 21:54:43,BB
2020-03-24 21:54:44,BB
2020-03-24 21:54:45,BB
2020-03-24 20:19:14,BB
2020-03-24 20:19:15,BB
2020-03-24 20:19:16,BB
2020-03-24 20:19:17,BB
2020-03-24 20:19:18,BB
2020-03-24 20:19:19,BB
2020-03-24 20:19:20,BB
2020-03-24 20:19:21,BB
2020-03-24 20:19:22,BB
2020-03-24 20:19:23,BB
2020-03-24 20:19:24,BB
2020-03-24 20:19:25,BB
2020-03-24 20:19:26,BB
2020-03-24 20:19:27,BB
2020-03-24 20:19:28,BB
2020-03-24 20:19:29,BB
2020-03-27 18:33:08,BB
2020-03-27 18:33:09,BB
2020-03-27 18:33:10,BB
2020-03-27 18:33:11,BB
2020-03-27 18:33:12,BB
2020-03-27 18:33:13,BB
2020-03-27 18:33:14,BB
2020-03-27 18:33:15,BB
2020-03-27 18:33:16,BB
2020-03-27 18:33:17,BB
2020-03-27 18:33:18,BB
2020-03-27 18:33:19,BB
2020-03-27 18:33:20,BB
2020-03-27 18:33:21,BB
2020-03-27 18:33:22,BB
2020-03-27 18:33:23,BB
2020-03-23 18:22:57,BB
2020-03-23 18:22:58,BB
2020-03-23 18:22:59,BB
2020-03-23 18:23:00,BB
2020-03-23 18:23:01,BB
2020-03-23 18:23:02,BB
2020-03-23 18:23:03,BB
2020-03-23 18:23:04,BB
2020-03-23 18:23:05,BB
2020-03-23 18:23:06,BB
2020-03-23 18:23:07,BB
2020-03-23 18:23:08,BB
2020-03-23 18:23:09,BB
2020-03-23 18:23:10,BB
2020-03-23 18:23:11,BB
2020-03-23 18:23:12,BB
2020-03-26 19:19:35,BB
2020-03-26 19:19:36,BB
2020-03-26 19:19:37,BB
2020-03-26 19:19:38,BB
2020-03-26 19:19:39,BB
2020-03-26 19:19:40,BB
2020-03-26 19:19:41,BB
2020-03-26 19:19:42,BB
2020-03-26 19:19:43,BB
2020-03-26 19:19:44,BB
2020-03-26 19:19:45,BB
2020-03-26 19:19:46,BB
2020-03-26 19:19:47,BB
2020-03-26 19:19:48,BB
2020-03-26 19:19:49,BB
2020-03-26 19:19:50,BB
2020-03-31 20:44:26,BB
2020-03-31 20:44:27,BB
2020-03-31 20:44:28,BB
2020-03-31 20:44:29,BB
2020-03-31 20:44:30,BB
2020-03-31 20:44:31,BB
2020-03-31 20:44:32,BB
2020-03-31 20:44:33,BB
2020-03-31 20:44:34,BB
2020-03-31 20:44:35,BB
2020-03-31 20:44:36,BB
2020-03-31 20:44:37,BB
2020-03-31 20:44:38,BB
2020-03-31 20:44:39,BB
2020-03-31 20:44:40,BB
2020-03-31 20:44:41,BB
2020-03-28 12:51:10,BB
2020-03-28 12:51:11,BB
2020-03-28 12:51:12,BB
2020-03-28 12:51:13,BB
2020-03-28 12:51:14,BB
2020-03-28 12:51:15,BB
2020-03-28 12:51:16,BB
2020-03-28 12:51:17,BB
2020-03-28 12:51:18,BB
2020-03-28 12:51:19,BB
2020-03-28 12:51:20,BB
2020-03-28 12:51:21,BB
2020-03-28 12:51:22,BB
2020-03-28 12:51:23,BB
2020-03-28 12:51:24,BB
2020-03-28 12:51:25,BB
2020-03-29 09:59:52,BB
2020-03-29 09:59:53,BB
2020-03-29 09:59:54,BB
2020-03-29 09:59:55,BB
2020-03-29 09:59:56,BB
2020-03-29 09:59:57,BB
2020-03-29 09:59:58,BB
2020-03-29 09:59:59,BB
2020-03-29 10:00:00,BB
2020-03-29 10:00:01,BB
2020-03-29 10:00:02,BB
2020-03-29 10:00:03,BB
2020-03-29 10:00:04,BB
2020-03-29 10:00:05,BB
2020-03-29 10:00:06,BB
2020-03-29 10:00:07,BB
2020-03-28 12:09:42,BB
2020-03-28 12:09:43,BB
2020-03-28 12:09:44,BB
2020-03-28 12:09:45,BB
2020-03-28 12:09:46,BB
2020-03-28 12:09:47,BB
2020-03-28 12:09:48,BB
2020-03-28 12:09:49,BB
2020-03-28 12:09:50,BB
2020-03-28 12:09:51,BB
2020-03-28 12:09:52,BB
2020-03-28 12:09:53,BB
2020-03-28 12:09:54,BB
2020-03-28 12:09:55,BB
2020-03-28 12:09:56,BB
2020-03-28 12:09:57,BB
2020-03-28 23:40:55,BB
2020-03-28 23:40:56,BB
2020-03-28 23:40:57,BB
2020-03-28 23:40:58,BB
2020-03-28 23:40:59,BB
2020-03-28 23:41:00,BB
2020-03-28 23:41:01,BB
2020-03-28 23:41:02,BB
2020-03-28 23:41:03,BB
2020-03-28 23:41:04,BB
2020-03-28 23:41:05,BB
2020-03-28 23:41:06,BB
2020-03-28 23:41:07,BB
2020-03-28 23:41:08,BB
2020-03-28 23:41:09,BB
2020-03-28 23:41:10,BB
2020-03-22 20:50:38,BB
2020-03-22 20:50:39,BB
2020-03-22 20:50:40,BB
2020-03-22 20:50:41,BB
2020-03-22 20:50:42,BB
2020-03-22 20:50:43,BB
2020-03-22 20:50:44,BB
2020-03-22 20:50:45,BB
2020-03-22 20:50:46,BB
2020-03-22 20:50:47,BB
2020-03-22 20:50:48,BB
2020-03-22 20:50:49,BB
2020-03-22 20:50:50,BB
2020-03-22 20:50:51,BB
2020-03-22 20:50:52,BB
2020-03-22 20:50:53,BB
2020-03-29 18:38:33,BB
2020-03-29 18:38:34,BB
2020-03-29 18:38:35,BB
2020-03-29 18:38:36,BB
2020-03-29 18:38:37,BB
2020-03-29 18:38:38,BB
2020-03-29 18:38:39,BB
2020-03-29 18:38:40,BB
2020-03-29 18:38:41,BB
2020-03-29 18:38:42,BB
2020-03-29 18:38:43,BB
2020-03-29 18:38:44,BB
2020-03-29 18:38:45,BB
2020-03-29 18:38:46,BB
2020-03-29 18:38:47,BB
2020-03-29 18:38:48,BB
2020-03-29 23:36:11,BB
2020-03-29 23:36:12,BB
2020-03-29 23:36:13,BB
2020-03-29 23:36:14,BB
2020-03-29 23:36:15,BB
2020-03-29 23:36:16,BB
2020-03-29 23:36:17,BB
2020-03-29 23:36:18,BB
2020-03-29 23:36:19,BB
2020-03-29 23:36:20,BB
2020-03-29 23:36:21,BB
2020-03-29 23:36:22,BB
2020-03-29 23:36:23,BB
2020-03-29 23:36:24,BB
2020-03-29 23:36:25,BB
2020-03-29 23:36:26,BB
2020-03-22 23:31:21,BB
2020-03-22 23:31:22,BB
2020-03-22 23:31:23,BB
2020-03-22 23:31:24,BB
2020-03-22 23:31:25,BB
2020-03-22 23:31:26,BB
2020-03-22 23:31:27,BB
2020-03-22 23:31:28,BB
2020-03-22 23:31:29,BB
2020-03-22 23:31:30,BB
2020-03-22 23:31:31,BB
2020-03-22 23:31:32,BB
2020-03-22 23:31:33,BB
2020-03-22 23:31:34,BB
2020-03-22 23:31:35,BB
2020-03-22 23:31:36,BB
2020-03-28 19:06:44,BB
2020-03-28 19:06:45,BB
2020-03-28 19:06:46,BB
2020-03-28 19:06:47,BB
2020-03-28 19:06:48,BB
2020-03-28 19:06:49,BB
2020-03-28 19:06:50,BB
2020-03-28 19:06:51,BB
2020-03-28 19:06:52,BB
2020-03-28 19:06:53,BB
2020-03-28 19:06:54,BB
2020-03-28 19:06:55,BB
2020-03-28 19:06:56,BB
2020-03-28 19:06:57,BB
2020-03-28 19:06:58,BB
2020-03-28 19:06:59,BB
2020-03-22 13:28:26,BB
2020-03-22 13:28:27,BB
2020-03-22 13:28:28,BB
2020-03-22 13:28:29,BB
2020-03-22 13:28:30,BB
2020-03-22 13:28:31,BB
2020-03-22 13:28:32,BB
2020-03-22 13:28:33,BB
2020-03-22 13:28:34,BB
2020-03-22 13:28:35,BB
2020-03-22 13:28:36,BB
2020-03-22 13:28:37,BB
2020-03-22 13:28:38,BB
2020-03-22 13:28:39,BB
2020-03-22 13:28:40,BB
2020-03-22 13:28:41,BB
2020-03-22 18:28:55,BB
2020-03-22 18:28:56,BB
2020-03-22 18:28:57,BB
2020-03-22 18:28:58,BB
2020-03-22 18:28:59,BB
2020-03-22 18:29:00,BB
2020-03-22 18:29:01,BB
2020-03-22 18:29:02,BB
2020-03-22 18:29:03,BB
2020-03-22 18:29:04,BB
2020-03-22 18:29:05,BB
2020-03-22 18:29:06,BB
2020-03-22 18:29:07,BB
2020-03-22 18:29:08,BB
2020-03-22 18:29:09,BB
2020-03-22 18:29:10,BB
2020-03-29 16:26:32,BB
2020-03-29 16:26:33,BB
2020-03-29 16:26:34,BB
2020-03-29 16:26:35,BB
2020-03-29 16:26:36,BB
2020-03-29 16:26:37,BB
2020-03-29 16:26:38,BB
2020-03-29 16:26:39,BB
2020-03-29 16:26:40,BB
2020-03-29 16:26:41,BB
2020-03-29 16:26:42,BB
2020-03-29 16:26:43,BB
2020-03-29 16:26:44,BB
2020-03-29 16:26:45,BB
2020-03-29 16:26:46,BB
2020-03-29 16:26:47,BB
2020-03-29 18:21:20,CC
2020-03-29 18:21:21,CC
2020-03-29 18:21:22,CC
2020-03-29 18:21:23,CC
2020-03-29 18:21:24,CC
2020-03-29 18:21:25,CC
2020-03-29 18:21:26,CC
2020-03-29 18:21:27,CC
2020-03-29 18:21:28,CC
2020-03-29 18:21:29,CC
2020-03-29 18:21:30,CC
2020-03-29 18:21:31,CC
2020-03-29 18:21:32,CC
2020-03-29 18:21:33,CC
2020-03-29 18:21:34,CC
2020-03-29 18:21:35,CC
2020-03-28 23:10:37,CC
2020-03-28 23:10:38,CC
2020-03-28 23:10:39,CC
2020-03-28 23:10:40,CC
2020-03-28 23:10:41,CC
2020-03-28 23:10:42,CC
2020-03-28 23:10:43,CC
2020-03-28 23:10:44,CC
2020-03-28 23:10:45,CC
2020-03-28 23:10:46,CC
2020-03-28 23:10:47,CC
2020-03-28 23:10:48,CC
2020-03-28 23:10:49,CC
2020-03-28 23:10:50,CC
2020-03-28 23:10:51,CC
2020-03-28 23:10:52,CC
2020-03-27 19:09:40,CC
2020-03-27 19:09:41,CC
2020-03-27 19:09:42,CC
2020-03-27 19:09:43,CC
2020-03-27 19:09:44,CC
2020-03-27 19:09:45,CC
2020-03-27 19:09:46,CC
2020-03-27 19:09:47,CC
2020-03-27 19:09:48,CC
2020-03-27 19:09:49,CC
2020-03-27 19:09:50,CC
2020-03-27 19:09:51,CC
2020-03-27 19:09:52,CC
2020-03-27 19:09:53,CC
2020-03-27 19:09:54,CC
2020-03-27 19:09:55,CC
2020-03-29 22:47:02,CC
2020-03-29 22:47:03,CC
2020-03-29 22:47:04,CC
2020-03-29 22:47:05,CC
2020-03-29 22:47:06,CC
2020-03-29 22:47:07,CC
2020-03-29 22:47:08,CC
2020-03-29 22:47:09,CC
2020-03-29 22:47:10,CC
2020-03-29 22:47:11,CC
2020-03-29 22:47:12,CC
2020-03-29 22:47:13,CC
2020-03-29 22:47:14,CC
2020-03-29 22:47:15,CC
2020-03-29 22:47:16,CC
2020-03-29 22:47:17,CC
2020-03-28 21:04:54,CC
2020-03-28 21:04:55,CC
2020-03-28 21:04:56,CC
2020-03-28 21:04:57,CC
2020-03-28 21:04:58,CC
2020-03-28 21:04:59,CC
2020-03-28 21:05:00,CC
2020-03-28 21:05:01,CC
2020-03-28 21:05:02,CC
2020-03-28 21:05:03,CC
2020-03-28 21:05:04,CC
2020-03-28 21:05:05,CC
2020-03-28 21:05:06,CC
2020-03-28 21:05:07,CC
2020-03-28 21:05:08,CC
2020-03-28 21:05:09,CC
2020-03-28 18:15:59,CC
2020-03-28 18:16:00,CC
2020-03-28 18:16:01,CC
2020-03-28 18:16:02,CC
2020-03-28 18:16:03,CC
2020-03-28 18:16:04,CC
2020-03-28 18:16:05,CC
2020-03-28 18:16:06,CC
2020-03-28 18:16:07,CC
2020-03-28 18:16:08,CC
2020-03-28 18:16:09,CC
2020-03-28 18:16:10,CC
2020-03-28 18:16:11,CC
2020-03-28 18:16:12,CC
2020-03-28 18:16:13,CC
2020-03-28 18:16:14,CC
2020-03-22 23:55:44,CC
2020-03-22 23:55:45,CC
2020-03-22 23:55:46,CC
2020-03-22 23:55:47,CC
2020-03-22 23:55:48,CC
2020-03-22 23:55:49,CC
2020-03-22 23:55:50,CC
2020-03-22 23:55:51,CC
2020-03-22 23:55:52,CC
2020-03-22 23:55:53,CC
2020-03-22 23:55:54,CC
2020-03-22 23:55:55,CC
2020-03-22 23:55:56,CC
2020-03-22 23:55:57,CC
2020-03-22 23:55:58,CC
2020-03-22 23:55:59,CC
2020-03-22 20:13:59,CC
2020-03-22 20:14:00,CC
2020-03-22 20:14:01,CC
2020-03-22 20:14:02,CC
2020-03-22 20:14:03,CC
2020-03-22 20:14:04,CC
2020-03-22 20:14:05,CC
2020-03-22 20:14:06,CC
2020-03-22 20:14:07,CC
2020-03-22 20:14:08,CC
2020-03-22 20:14:09,CC
2020-03-22 20:14:10,CC
2020-03-22 20:14:11,CC
2020-03-22 20:14:12,CC
2020-03-22 20:14:13,CC
2020-03-22 20:14:14,CC
2020-03-29 23:34:33,CC
2020-03-29 23:34:34,CC
2020-03-29 23:34:35,CC
2020-03-29 23:34:36,CC
2020-03-29 23:34:37,CC
2020-03-29 23:34:38,CC
2020-03-29 23:34:39,CC
2020-03-29 23:34:40,CC
2020-03-29 23:34:41,CC
2020-03-29 23:34:42,CC
2020-03-29 23:34:43,CC
2020-03-29 23:34:44,CC
2020-03-29 23:34:45,CC
2020-03-29 23:34:46,CC
2020-03-29 23:34:47,CC
2020-03-29 23:34:48,CC
2020-03-29 22:21:27,DD
2020-03-29 22:21:28,DD
2020-03-29 22:21:29,DD
2020-03-29 22:21:30,DD
2020-03-29 22:21:31,DD
2020-03-29 22:21:32,DD
2020-03-29 22:21:33,DD
2020-03-29 22:21:34,DD
2020-03-29 22:21:35,DD
2020-03-29 22:21:36,DD
2020-03-29 22:21:37,DD
2020-03-29 22:21:38,DD
2020-03-29 22:21:39,DD
2020-03-29 22:21:40,DD
2020-03-29 22:21:41,DD
2020-03-29 22:21:42,DD
2020-03-22 23:00:40,DD
2020-03-22 23:00:41,DD
2020-03-22 23:00:42,DD
2020-03-22 23:00:43,DD
2020-03-22 23:00:44,DD
2020-03-22 23:00:45,DD
2020-03-22 23:00:46,DD
2020-03-22 23:00:47,DD
2020-03-22 23:00:48,DD
2020-03-22 23:00:49,DD
2020-03-22 23:00:50,DD
2020-03-22 23:00:51,DD
2020-03-22 23:00:52,DD
2020-03-22 23:00:53,DD
2020-03-22 23:00:54,DD
2020-03-22 23:00:55,DD
2020-03-26 12:12:23,DD
2020-03-26 12:12:24,DD
2020-03-26 12:12:25,DD
2020-03-26 12:12:26,DD
2020-03-26 12:12:27,DD
2020-03-26 12:12:28,DD
2020-03-26 12:12:29,DD
2020-03-26 12:12:30,DD
2020-03-26 12:12:31,DD
2020-03-26 12:12:32,DD
2020-03-26 12:12:33,DD
2020-03-26 12:12:34,DD
2020-03-26 12:12:35,DD
2020-03-26 12:12:36,DD
2020-03-26 12:12:37,DD
2020-03-26 12:12:38,DD
2020-03-27 10:26:48,DD
2020-03-27 10:26:49,DD
2020-03-27 10:26:50,DD
2020-03-27 10:26:51,DD
2020-03-27 10:26:52,DD
2020-03-27 10:26:53,DD
2020-03-27 10:26:54,DD
2020-03-27 10:26:55,DD
2020-03-27 10:26:56,DD
2020-03-27 10:26:57,DD
2020-03-27 10:26:58,DD
2020-03-27 10:26:59,DD
2020-03-27 10:27:00,DD
2020-03-27 10:27:01,DD
2020-03-27 10:27:02,DD
2020-03-27 10:27:03,DD
2020-04-02 10:46:25,DD
2020-04-02 10:46:26,DD
2020-04-02 10:46:27,DD
2020-04-02 10:46:28,DD
2020-04-02 10:46:29,DD
2020-04-02 10:46:30,DD
2020-04-02 10:46:31,DD
2020-04-02 10:46:32,DD
2020-04-02 10:46:33,DD
2020-04-02 10:46:34,DD
2020-04-02 10:46:35,DD
2020-04-02 10:46:36,DD
2020-04-02 10:46:37,DD
2020-04-02 10:46:38,DD
2020-04-02 10:46:39,DD
2020-04-02 10:46:40,DD
2020-03-25 10:44:05,DD
2020-03-25 10:44:06,DD
2020-03-25 10:44:07,DD
2020-03-25 10:44:08,DD
2020-03-25 10:44:09,DD
2020-03-25 10:44:10,DD
2020-03-25 10:44:11,DD
2020-03-25 10:44:12,DD
2020-03-25 10:44:13,DD
2020-03-25 10:44:14,DD
2020-03-25 10:44:15,DD
2020-03-25 10:44:16,DD
2020-03-25 10:44:17,DD
2020-03-25 10:44:18,DD
2020-03-25 10:44:19,DD
2020-03-25 10:44:20,DD
2020-03-24 22:23:05,DD
2020-03-24 22:23:06,DD
2020-03-24 22:23:07,DD
2020-03-24 22:23:08,DD
2020-03-24 22:23:09,DD
2020-03-24 22:23:10,DD
2020-03-24 22:23:11,DD
2020-03-24 22:23:12,DD
2020-03-24 22:23:13,DD
2020-03-24 22:23:14,DD
2020-03-24 22:23:15,DD
2020-03-24 22:23:16,DD
2020-03-24 22:23:17,DD
2020-03-24 22:23:18,DD
2020-03-24 22:23:19,DD
2020-03-24 22:23:20,DD
2020-03-30 21:50:45,DD
2020-03-30 21:50:46,DD
2020-03-30 21:50:47,DD
2020-03-30 21:50:48,DD
2020-03-30 21:50:49,DD
2020-03-30 21:50:50,DD
2020-03-30 21:50:51,DD
2020-03-30 21:50:52,DD
2020-03-30 21:50:53,DD
2020-03-30 21:50:54,DD
2020-03-30 21:50:55,DD
2020-03-30 21:50:56,DD
2020-03-30 21:50:57,DD
2020-03-30 21:50:58,DD
2020-03-30 21:50:59,DD
2020-03-30 21:51:00,DD
2020-03-23 15:46:38,DD
2020-03-23 15:46:39,DD
2020-03-23 15:46:40,DD
2020-03-23 15:46:41,DD
2020-03-23 15:46:42,DD
2020-03-23 15:46:43,DD
2020-03-23 15:46:44,DD
2020-03-23 15:46:45,DD
2020-03-23 15:46:46,DD
2020-03-23 15:46:47,DD
2020-03-23 15:46:48,DD
2020-03-23 15:46:49,DD
2020-03-23 15:46:50,DD
2020-03-23 15:46:51,DD
2020-03-23 15:46:52,DD
2020-03-23 15:46:53,DD
2020-03-23 16:31:27,DD
2020-03-23 16:31:28,DD
2020-03-23 16:31:29,DD
2020-03-23 16:31:30,DD
2020-03-23 16:31:31,DD
2020-03-23 16:31:32,DD
2020-03-23 16:31:33,DD
2020-03-23 16:31:34,DD
2020-03-23 16:31:35,DD
2020-03-23 16:31:36,DD
2020-03-23 16:31:37,DD
2020-03-23 16:31:38,DD
2020-03-23 16:31:39,DD
2020-03-23 16:31:40,DD
2020-03-23 16:31:41,DD
2020-03-23 16:31:42,DD
2020-03-21 16:56:58,DD
2020-03-21 16:56:59,DD
2020-03-21 16:57:00,DD
2020-03-21 16:57:01,DD
2020-03-21 16:57:02,DD
2020-03-21 16:57:03,DD
2020-03-21 16:57:04,DD
2020-03-21 16:57:05,DD
2020-03-21 16:57:06,DD
2020-03-21 16:57:07,DD
2020-03-21 16:57:08,DD
2020-03-21 16:57:09,DD
2020-03-21 16:57:10,DD
2020-03-21 16:57:11,DD
2020-03-21 16:57:12,DD
2020-03-21 16:57:13,DD
2020-04-02 17:42:03,DD
2020-04-02 17:42:04,DD
2020-04-02 17:42:05,DD
2020-04-02 17:42:06,DD
2020-04-02 17:42:07,DD
2020-04-02 17:42:08,DD
2020-04-02 17:42:09,DD
2020-04-02 17:42:10,DD
2020-04-02 17:42:11,DD
2020-04-02 17:42:12,DD
2020-04-02 17:42:13,DD
2020-04-02 17:42:14,DD
2020-04-02 17:42:15,DD
2020-04-02 17:42:16,DD
2020-04-02 17:42:17,DD
2020-04-02 17:42:18,DD
2020-03-25 17:01:57,DD
2020-03-25 17:01:58,DD
2020-03-25 17:01:59,DD
2020-03-25 17:02:00,DD
2020-03-25 17:02:01,DD
2020-03-25 17:02:02,DD
2020-03-25 17:02:03,DD
2020-03-25 17:02:04,DD
2020-03-25 17:02:05,DD
2020-03-25 17:02:06,DD
2020-03-25 17:02:07,DD
2020-03-25 17:02:08,DD
2020-03-25 17:02:09,DD
2020-03-25 17:02:10,DD
2020-03-25 17:02:11,DD
2020-03-25 17:02:12,DD
2020-03-20 17:43:07,DD
2020-03-20 17:43:08,DD
2020-03-20 17:43:09,DD
2020-03-20 17:43:10,DD
2020-03-20 17:43:11,DD
2020-03-20 17:43:12,DD
2020-03-20 17:43:13,DD
2020-03-20 17:43:14,DD
2020-03-20 17:43:15,DD
2020-03-20 17:43:16,DD
2020-03-20 17:43:17,DD
2020-03-20 17:43:18,DD
2020-03-20 17:43:19,DD
2020-03-20 17:43:20,DD
2020-03-20 17:43:21,DD
2020-03-20 17:43:22,DD
2020-04-01 17:01:03,DD
2020-04-01 17:01:04,DD
2020-04-01 17:01:05,DD
2020-04-01 17:01:06,DD
2020-04-01 17:01:07,DD
2020-04-01 17:01:08,DD
2020-04-01 17:01:09,DD
2020-04-01 17:01:10,DD
2020-04-01 17:01:11,DD
2020-04-01 17:01:12,DD
2020-04-01 17:01:13,DD
2020-04-01 17:01:14,DD
2020-04-01 17:01:15,DD
2020-04-01 17:01:16,DD
2020-04-01 17:01:17,DD
2020-04-01 17:01:18,DD
2020-03-27 17:01:25,DD
2020-03-27 17:01:26,DD
2020-03-27 17:01:27,DD
2020-03-27 17:01:28,DD
2020-03-27 17:01:29,DD
2020-03-27 17:01:30,DD
2020-03-27 17:01:31,DD
2020-03-27 17:01:32,DD
2020-03-27 17:01:33,DD
2020-03-27 17:01:34,DD
2020-03-27 17:01:35,DD
2020-03-27 17:01:36,DD
2020-03-27 17:01:37,DD
2020-03-27 17:01:38,DD
2020-03-27 17:01:39,DD
2020-03-27 17:01:40,DD
2020-03-26 17:20:25,DD
2020-03-26 17:20:26,DD
2020-03-26 17:20:27,DD
2020-03-26 17:20:28,DD
2020-03-26 17:20:29,DD
2020-03-26 17:20:30,DD
2020-03-26 17:20:31,DD
2020-03-26 17:20:32,DD
2020-03-26 17:20:33,DD
2020-03-26 17:20:34,DD
2020-03-26 17:20:35,DD
2020-03-26 17:20:36,DD
2020-03-26 17:20:37,DD
2020-03-26 17:20:38,DD
2020-03-26 17:20:39,DD
2020-03-26 17:20:40,DD
2020-03-29 16:04:10,DD
2020-03-29 16:04:11,DD
2020-03-29 16:04:12,DD
2020-03-29 16:04:13,DD
2020-03-29 16:04:14,DD
2020-03-29 16:04:15,DD
2020-03-29 16:04:16,DD
2020-03-29 16:04:17,DD
2020-03-29 16:04:18,DD
2020-03-29 16:04:19,DD
2020-03-29 16:04:20,DD
2020-03-29 16:04:21,DD
2020-03-29 16:04:22,DD
2020-03-29 16:04:23,DD
2020-03-29 16:04:24,DD
2020-03-29 16:04:25,DD
2020-04-01 20:55:14,DD
2020-04-01 20:55:15,DD
2020-04-01 20:55:16,DD
2020-04-01 20:55:17,DD
2020-04-01 20:55:18,DD
2020-04-01 20:55:19,DD
2020-04-01 20:55:20,DD
2020-04-01 20:55:21,DD
2020-04-01 20:55:22,DD
2020-04-01 20:55:23,DD
2020-04-01 20:55:24,DD
2020-04-01 20:55:25,DD
2020-04-01 20:55:26,DD
2020-04-01 20:55:27,DD
2020-04-01 20:55:28,DD
2020-04-01 20:55:29,DD
2020-03-31 16:02:52,DD
2020-03-31 16:02:53,DD
2020-03-31 16:02:54,DD
2020-03-31 16:02:55,DD
2020-03-31 16:02:56,DD
2020-03-31 16:02:57,DD
2020-03-31 16:02:58,DD
2020-03-31 16:02:59,DD
2020-03-31 16:03:00,DD
2020-03-31 16:03:01,DD
2020-03-31 16:03:02,DD
2020-03-31 16:03:03,DD
2020-03-31 16:03:04,DD
2020-03-31 16:03:05,DD
2020-03-31 16:03:06,DD
2020-03-31 16:03:07,DD
2020-04-02 15:49:16,DD
2020-04-02 15:49:17,DD
2020-04-02 15:49:18,DD
2020-04-02 15:49:19,DD
2020-04-02 15:49:20,DD
2020-04-02 15:49:21,DD
2020-04-02 15:49:22,DD
2020-04-02 15:49:23,DD
2020-04-02 15:49:24,DD
2020-04-02 15:49:25,DD
2020-04-02 15:49:26,DD
2020-04-02 15:49:27,DD
2020-04-02 15:49:28,DD
2020-04-02 15:49:29,DD
2020-04-02 15:49:30,DD
2020-04-02 15:49:31,DD
2020-03-24 16:07:32,DD
2020-03-24 16:07:33,DD
2020-03-24 16:07:34,DD
2020-03-24 16:07:35,DD
2020-03-24 16:07:36,DD
2020-03-24 16:07:37,DD
2020-03-24 16:07:38,DD
2020-03-24 16:07:39,DD
2020-03-24 16:07:40,DD
2020-03-24 16:07:41,DD
2020-03-24 16:07:42,DD
2020-03-24 16:07:43,DD
2020-03-24 16:07:44,DD
2020-03-24 16:07:45,DD
2020-03-24 16:07:46,DD
2020-03-24 16:07:47,DD
2020-03-22 18:52:48,DD
2020-03-22 18:52:49,DD
2020-03-22 18:52:50,DD
2020-03-22 18:52:51,DD
2020-03-22 18:52:52,DD
2020-03-22 18:52:53,DD
2020-03-22 18:52:54,DD
2020-03-22 18:52:55,DD
2020-03-22 18:52:56,DD
2020-03-22 18:52:57,DD
2020-03-22 18:52:58,DD
2020-03-22 18:52:59,DD
2020-03-22 18:53:00,DD
2020-03-22 18:53:01,DD
2020-03-22 18:53:02,DD
2020-03-22 18:53:03,DD
2020-03-28 14:02:54,DD
2020-03-28 14:02:55,DD
2020-03-28 14:02:56,DD
2020-03-28 14:02:57,DD
2020-03-28 14:02:58,DD
2020-03-28 14:02:59,DD
2020-03-28 14:03:00,DD
2020-03-28 14:03:01,DD
2020-03-28 14:03:02,DD
2020-03-28 14:03:03,DD
2020-03-28 14:03:04,DD
2020-03-28 14:03:05,DD
2020-03-28 14:03:06,DD
2020-03-28 14:03:07,DD
2020-03-28 14:03:08,DD
2020-03-28 14:03:09,DD
2020-03-21 06:15:38,Z
2020-03-21 06:15:39,Z
2020-03-21 06:15:40,Z
2020-03-21 06:15:41,Z
2020-03-21 06:15:42,Z
2020-03-21 06:15:43,Z
2020-03-21 06:15:44,Z
2020-03-21 06:15:45,Z
2020-03-21 06:15:46,Z
2020-03-21 06:15:47,Z
2020-03-21 06:15:48,Z
2020-03-21 06:15:49,Z
2020-03-21 06:15:50,Z
2020-03-21 06:15:51,Z
2020-03-21 06:15:52,Z
2020-03-21 06:15:53,Z
2020-03-27 06:12:58,Z
2020-03-27 06:12:59,Z
2020-03-27 06:13:00,Z
2020-03-27 06:13:01,Z
2020-03-27 06:13:02,Z
2020-03-27 06:13:03,Z
2020-03-27 06:13:04,Z
2020-03-27 06:13:05,Z
2020-03-27 06:13:06,Z
2020-03-27 06:13:07,Z
2020-03-27 06:13:08,Z
2020-03-27 06:13:09,Z
2020-03-27 06:13:10,Z
2020-03-27 06:13:11,Z
2020-03-27 06:13:12,Z
2020-03-27 06:13:13,Z
2020-03-24 09:08:22,Z
2020-03-24 09:08:23,Z
2020-03-24 09:08:24,Z
2020-03-24 09:08:25,Z
2020-03-24 09:08:26,Z
2020-03-24 09:08:27,Z
2020-03-24 09:08:28,Z
2020-03-24 09:08:29,Z
2020-03-24 09:08:30,Z
2020-03-24 09:08:31,Z
2020-03-24 09:08:32,Z
2020-03-24 09:08:33,Z
2020-03-24 09:08:34,Z
2020-03-24 09:08:35,Z
2020-03-24 09:08:36,Z
2020-03-24 09:08:37,Z
2020-03-29 08:56:44,Z
2020-03-29 08:56:45,Z
2020-03-29 08:56:46,Z
2020-03-29 08:56:47,Z
2020-03-29 08:56:48,Z
2020-03-29 08:56:49,Z
2020-03-29 08:56:50,Z
2020-03-29 08:56:51,Z
2020-03-29 08:56:52,Z
2020-03-29 08:56:53,Z
2020-03-29 08:56:54,Z
2020-03-29 08:56:55,Z
2020-03-29 08:56:56,Z
2020-03-29 08:56:57,Z
2020-03-29 08:56:58,Z
2020-03-29 08:56:59,Z
2020-03-22 17:32:36,Z
2020-03-22 17:32:37,Z
2020-03-22 17:32:38,Z
2020-03-22 17:32:39,Z
2020-03-22 17:32:40,Z
2020-03-22 17:32:41,Z
2020-03-22 17:32:42,Z
2020-03-22 17:32:43,Z
2020-03-22 17:32:44,Z
2020-03-22 17:32:45,Z
2020-03-22 17:32:46,Z
2020-03-22 17:32:47,Z
2020-03-22 17:32:48,Z
2020-03-22 17:32:49,Z
2020-03-22 17:32:50,Z
2020-03-22 17:32:51,Z
2020-03-28 18:37:27,Z
2020-03-28 18:37:28,Z
2020-03-28 18:37:29,Z
2020-03-28 18:37:30,Z
2020-03-28 18:37:31,Z
2020-03-28 18:37:32,Z
2020-03-28 18:37:33,Z
2020-03-28 18:37:34,Z
2020-03-28 18:37:35,Z
2020-03-28 18:37:36,Z
2020-03-28 18:37:37,Z
2020-03-28 18:37:38,Z
2020-03-28 18:37:39,Z
2020-03-28 18:37:40,Z
2020-03-28 18:37:41,Z
2020-03-28 18:37:42,Z
2020-03-24 14:01:07,Z
2020-03-24 14:01:08,Z
2020-03-24 14:01:09,Z
2020-03-24 14:01:10,Z
2020-03-24 14:01:11,Z
2020-03-24 14:01:12,Z
2020-03-24 14:01:13,Z
2020-03-24 14:01:14,Z
2020-03-24 14:01:15,Z
2020-03-24 14:01:16,Z
2020-03-24 14:01:17,Z
2020-03-24 14:01:18,Z
2020-03-24 14:01:19,Z
2020-03-24 14:01:20,Z
2020-03-24 14:01:21,Z
2020-03-24 14:01:22,Z
2020-03-31 16:43:05,Z
2020-03-31 16:43:06,Z
2020-03-31 16:43:07,Z
2020-03-31 16:43:08,Z
2020-03-31 16:43:09,Z
2020-03-31 16:43:10,Z
2020-03-31 16:43:11,Z
2020-03-31 16:43:12,Z
2020-03-31 16:43:13,Z
2020-03-31 16:43:14,Z
2020-03-31 16:43:15,Z
2020-03-31 16:43:16,Z
2020-03-31 16:43:17,Z
2020-03-31 16:43:18,Z
2020-03-31 16:43:19,Z
2020-03-31 16:43:20,Z
2020-03-28 14:28:14,Z
2020-03-28 14:28:15,Z
2020-03-28 14:28:16,Z
2020-03-28 14:28:17,Z
2020-03-28 14:28:18,Z
2020-03-28 14:28:19,Z
2020-03-28 14:28:20,Z
2020-03-28 14:28:21,Z
2020-03-28 14:28:22,Z
2020-03-28 14:28:23,Z
2020-03-28 14:28:24,Z
2020-03-28 14:28:25,Z
2020-03-28 14:28:26,Z
2020-03-28 14:28:27,Z
2020-03-28 14:28:28,Z
2020-03-28 14:28:29,Z
2020-04-02 15:11:23,Z
2020-04-02 15:11:24,Z
2020-04-02 15:11:25,Z
2020-04-02 15:11:26,Z
2020-04-02 15:11:27,Z
2020-04-02 15:11:28,Z
2020-04-02 15:11:29,Z
2020-04-02 15:11:30,Z
2020-04-02 15:11:31,Z
2020-04-02 15:11:32,Z
2020-04-02 15:11:33,Z
2020-04-02 15:11:34,Z
2020-04-02 15:11:35,Z
2020-04-02 15:11:36,Z
2020-04-02 15:11:37,Z
2020-04-02 15:11:38,Z
2020-03-26 14:30:05,Z
2020-03-26 14:30:06,Z
2020-03-26 14:30:07,Z
2020-03-26 14:30:08,Z
2020-03-26 14:30:09,Z
2020-03-26 14:30:10,Z
2020-03-26 14:30:11,Z
2020-03-26 14:30:12,Z
2020-03-26 14:30:13,Z
2020-03-26 14:30:14,Z
2020-03-26 14:30:15,Z
2020-03-26 14:30:16,Z
2020-03-26 14:30:17,Z
2020-03-26 14:30:18,Z
2020-03-26 14:30:19,Z
2020-03-26 14:30:20,Z
2020-03-27 22:44:37,Z
2020-03-27 22:44:38,Z
2020-03-27 22:44:39,Z
2020-03-27 22:44:40,Z
2020-03-27 22:44:41,Z
2020-03-27 22:44:42,Z
2020-03-27 22:44:43,Z
2020-03-27 22:44:44,Z
2020-03-27 22:44:45,Z
2020-03-27 22:44:46,Z
2020-03-27 22:44:47,Z
2020-03-27 22:44:48,Z
2020-03-27 22:44:49,Z
2020-03-27 22:44:50,Z
2020-03-27 22:44:51,Z
2020-03-27 22:44:52,Z
2020-03-29 21:19:36,Z
2020-03-29 21:19:37,Z
2020-03-29 21:19:38,Z
2020-03-29 21:19:39,Z
2020-03-29 21:19:40,Z
2020-03-29 21:19:41,Z
2020-03-29 21:19:42,Z
2020-03-29 21:19:43,Z
2020-03-29 21:19:44,Z
2020-03-29 21:19:45,Z
2020-03-29 21:19:46,Z
2020-03-29 21:19:47,Z
2020-03-29 21:19:48,Z
2020-03-29 21:19:49,Z
2020-03-29 21:19:50,Z
2020-03-29 21:19:51,Z
2020-03-24 21:12:57,Z
2020-03-24 21:12:58,Z
2020-03-24 21:12:59,Z
2020-03-24 21:13:00,Z
2020-03-24 21:13:01,Z
2020-03-24 21:13:02,Z
2020-03-24 21:13:03,Z
2020-03-24 21:13:04,Z
2020-03-24 21:13:05,Z
2020-03-24 21:13:06,Z
2020-03-24 21:13:07,Z
2020-03-24 21:13:08,Z
2020-03-24 21:13:09,Z
2020-03-24 21:13:10,Z
2020-03-24 21:13:11,Z
2020-03-24 21:13:12,Z
2020-03-27 20:42:02,Z
2020-03-27 20:42:03,Z
2020-03-27 20:42:04,Z
2020-03-27 20:42:05,Z
2020-03-27 20:42:06,Z
2020-03-27 20:42:07,Z
2020-03-27 20:42:08,Z
2020-03-27 20:42:09,Z
2020-03-27 20:42:10,Z
2020-03-27 20:42:11,Z
2020-03-27 20:42:12,Z
2020-03-27 20:42:13,Z
2020-03-27 20:42:14,Z
2020-03-27 20:42:15,Z
2020-03-27 20:42:16,Z
2020-03-27 20:42:17,Z
2020-03-24 20:33:26,Z
2020-03-24 20:33:27,Z
2020-03-24 20:33:28,Z
2020-03-24 20:33:29,Z
2020-03-24 20:33:30,Z
2020-03-24 20:33:31,Z
2020-03-24 20:33:32,Z
2020-03-24 20:33:33,Z
2020-03-24 20:33:34,Z
2020-03-24 20:33:35,Z
2020-03-24 20:33:36,Z
2020-03-24 20:33:37,Z
2020-03-24 20:33:38,Z
2020-03-24 20:33:39,Z
2020-03-24 20:33:40,Z
2020-03-24 20:33:41,Z
2020-03-22 21:36:11,Z
2020-03-22 21:36:12,Z
2020-03-22 21:36:13,Z
2020-03-22 21:36:14,Z
2020-03-22 21:36:15,Z
2020-03-22 21:36:16,Z
2020-03-22 21:36:17,Z
2020-03-22 21:36:18,Z
2020-03-22 21:36:19,Z
2020-03-22 21:36:20,Z
2020-03-22 21:36:21,Z
2020-03-22 21:36:22,Z
2020-03-22 21:36:23,Z
2020-03-22 21:36:24,Z
2020-03-22 21:36:25,Z
2020-03-22 21:36:26,Z
2020-03-28 22:23:23,Z
2020-03-28 22:23:24,Z
2020-03-28 22:23:25,Z
2020-03-28 22:23:26,Z
2020-03-28 22:23:27,Z
2020-03-28 22:23:28,Z
2020-03-28 22:23:29,Z
2020-03-28 22:23:30,Z
2020-03-28 22:23:31,Z
2020-03-28 22:23:32,Z
2020-03-28 22:23:33,Z
2020-03-28 22:23:34,Z
2020-03-28 22:23:35,Z
2020-03-28 22:23:36,Z
2020-03-28 22:23:37,Z
2020-03-28 22:23:38,Z
2020-03-22 22:54:12,Z
2020-03-22 22:54:13,Z
2020-03-22 22:54:14,Z
2020-03-22 22:54:15,Z
2020-03-22 22:54:16,Z
2020-03-22 22:54:17,Z
2020-03-22 22:54:18,Z
2020-03-22 22:54:19,Z
2020-03-22 22:54:20,Z
2020-03-22 22:54:21,Z
2020-03-22 22:54:22,Z
2020-03-22 22:54:23,Z
2020-03-22 22:54:24,Z
2020-03-22 22:54:25,Z
2020-03-22 22:54:26,Z
2020-03-22 22:54:27,Z
2020-03-29 19:51:00,Z
2020-03-29 19:51:01,Z
2020-03-29 19:51:02,Z
2020-03-29 19:51:03,Z
2020-03-29 19:51:04,Z
2020-03-29 19:51:05,Z
2020-03-29 19:51:06,Z
2020-03-29 19:51:07,Z
2020-03-29 19:51:08,Z
2020-03-29 19:51:09,Z
2020-03-29 19:51:10,Z
2020-03-29 19:51:11,Z
2020-03-29 19:51:12,Z
2020-03-29 19:51:13,Z
2020-03-29 19:51:14,Z
2020-03-29 19:51:15,Z
2020-03-28 20:34:45,Z
2020-03-28 20:34:46,Z
2020-03-28 20:34:47,Z
2020-03-28 20:34:48,Z
2020-03-28 20:34:49,Z
2020-03-28 20:34:50,Z
2020-03-28 20:34:51,Z
2020-03-28 20:34:52,Z
2020-03-28 20:34:53,Z
2020-03-28 20:34:54,Z
2020-03-28 20:34:55,Z
2020-03-28 20:34:56,Z
2020-03-28 20:34:57,Z
2020-03-28 20:34:58,Z
2020-03-28 20:34:59,Z
2020-03-28 20:35:00,Z
2020-04-02 19:53:43,Z
2020-04-02 19:53:44,Z
2020-04-02 19:53:45,Z
2020-04-02 19:53:46,Z
2020-04-02 19:53:47,Z
2020-04-02 19:53:48,Z
2020-04-02 19:53:49,Z
2020-04-02 19:53:50,Z
2020-04-02 19:53:51,Z
2020-04-02 19:53:52,Z
2020-04-02 19:53:53,Z
2020-04-02 19:53:54,Z
2020-04-02 19:53:55,Z
2020-04-02 19:53:56,Z
2020-04-02 19:53:57,Z
2020-04-02 19:53:58,Z
2020-03-30 19:38:59,Z
2020-03-30 19:39:00,Z
2020-03-30 19:39:01,Z
2020-03-30 19:39:02,Z
2020-03-30 19:39:03,Z
2020-03-30 19:39:04,Z
2020-03-30 19:39:05,Z
2020-03-30 19:39:06,Z
2020-03-30 19:39:07,Z
2020-03-30 19:39:08,Z
2020-03-30 19:39:09,Z
2020-03-30 19:39:10,Z
2020-03-30 19:39:11,Z
2020-03-30 19:39:12,Z
2020-03-30 19:39:13,Z
2020-03-30 19:39:14,Z
2020-03-30 21:49:15,Z
2020-03-30 21:49:16,Z
2020-03-30 21:49:17,Z
2020-03-30 21:49:18,Z
2020-03-30 21:49:19,Z
2020-03-30 21:49:20,Z
2020-03-30 21:49:21,Z
2020-03-30 21:49:22,Z
2020-03-30 21:49:23,Z
2020-03-30 21:49:24,Z
2020-03-30 21:49:25,Z
2020-03-30 21:49:26,Z
2020-03-30 21:49:27,Z
2020-03-30 21:49:28,Z
2020-03-30 21:49:29,Z
2020-03-30 21:49:30,Z
2020-03-26 22:23:05,Z
2020-03-26 22:23:06,Z
2020-03-26 22:23:07,Z
2020-03-26 22:23:08,Z
2020-03-26 22:23:09,Z
2020-03-26 22:23:10,Z
2020-03-26 22:23:11,Z
2020-03-26 22:23:12,Z
2020-03-26 22:23:13,Z
2020-03-26 22:23:14,Z
2020-03-26 22:23:15,Z
2020-03-26 22:23:16,Z
2020-03-26 22:23:17,Z
2020-03-26 22:23:18,Z
2020-03-26 22:23:19,Z
2020-03-26 22:23:20,Z
2020-03-27 23:30:46,Z
2020-03-27 23:30:47,Z
2020-03-27 23:30:48,Z
2020-03-27 23:30:49,Z
2020-03-27 23:30:50,Z
2020-03-27 23:30:51,Z
2020-03-27 23:30:52,Z
2020-03-27 23:30:53,Z
2020-03-27 23:30:54,Z
2020-03-27 23:30:55,Z
2020-03-27 23:30:56,Z
2020-03-27 23:30:57,Z
2020-03-27 23:30:58,Z
2020-03-27 23:30:59,Z
2020-03-27 23:31:00,Z
2020-03-27 23:31:01,Z
2020-03-21 23:34:45,Z
2020-03-21 23:34:46,Z
2020-03-21 23:34:47,Z
2020-03-21 23:34:48,Z
2020-03-21 23:34:49,Z
2020-03-21 23:34:50,Z
2020-03-21 23:34:51,Z
2020-03-21 23:34:52,Z
2020-03-21 23:34:53,Z
2020-03-21 23:34:54,Z
2020-03-21 23:34:55,Z
2020-03-21 23:34:56,Z
2020-03-21 23:34:57,Z
2020-03-21 23:34:58,Z
2020-03-21 23:34:59,Z
2020-03-21 23:35:00,Z
2020-03-21 21:04:19,Z
2020-03-21 21:04:20,Z
2020-03-21 21:04:21,Z
2020-03-21 21:04:22,Z
2020-03-21 21:04:23,Z
2020-03-21 21:04:24,Z
2020-03-21 21:04:25,Z
2020-03-21 21:04:26,Z
2020-03-21 21:04:27,Z
2020-03-21 21:04:28,Z
2020-03-21 21:04:29,Z
2020-03-21 21:04:30,Z
2020-03-21 21:04:31,Z
2020-03-21 21:04:32,Z
2020-03-21 21:04:33,Z
2020-03-21 21:04:34,Z
2020-03-29 22:46:22,Z
2020-03-29 22:46:23,Z
2020-03-29 22:46:24,Z
2020-03-29 22:46:25,Z
2020-03-29 22:46:26,Z
2020-03-29 22:46:27,Z
2020-03-29 22:46:28,Z
2020-03-29 22:46:29,Z
2020-03-29 22:46:30,Z
2020-03-29 22:46:31,Z
2020-03-29 22:46:32,Z
2020-03-29 22:46:33,Z
2020-03-29 22:46:34,Z
2020-03-29 22:46:35,Z
2020-03-29 22:46:36,Z
2020-03-29 22:46:37,Z
2020-04-02 23:12:22,Z
2020-04-02 23:12:23,Z
2020-04-02 23:12:24,Z
2020-04-02 23:12:25,Z
2020-04-02 23:12:26,Z
2020-04-02 23:12:27,Z
2020-04-02 23:12:28,Z
2020-04-02 23:12:29,Z
2020-04-02 23:12:30,Z
2020-04-02 23:12:31,Z
2020-04-02 23:12:32,Z
2020-04-02 23:12:33,Z
2020-04-02 23:12:34,Z
2020-04-02 23:12:35,Z
2020-04-02 23:12:36,Z
2020-04-02 23:12:37,Z
2020-04-02 21:23:28,Z
2020-04-02 21:23:29,Z
2020-04-02 21:23:30,Z
2020-04-02 21:23:31,Z
2020-04-02 21:23:32,Z
2020-04-02 21:23:33,Z
2020-04-02 21:23:34,Z
2020-04-02 21:23:35,Z
2020-04-02 21:23:36,Z
2020-04-02 21:23:37,Z
2020-04-02 21:23:38,Z
2020-04-02 21:23:39,Z
2020-04-02 21:23:40,Z
2020-04-02 21:23:41,Z
2020-04-02 21:23:42,Z
2020-04-02 21:23:43,Z
2020-03-21 23:10:23,Z
2020-03-21 23:10:24,Z
2020-03-21 23:10:25,Z
2020-03-21 23:10:26,Z
2020-03-21 23:10:27,Z
2020-03-21 23:10:28,Z
2020-03-21 23:10:29,Z
2020-03-21 23:10:30,Z
2020-03-21 23:10:31,Z
2020-03-21 23:10:32,Z
2020-03-21 23:10:33,Z
2020-03-21 23:10:34,Z
2020-03-21 23:10:35,Z
2020-03-21 23:10:36,Z
2020-03-21 23:10:37,Z
2020-03-21 23:10:38,Z
2020-03-31 18:44:12,Z
2020-03-31 18:44:13,Z
2020-03-31 18:44:14,Z
2020-03-31 18:44:15,Z
2020-03-31 18:44:16,Z
2020-03-31 18:44:17,Z
2020-03-31 18:44:18,Z
2020-03-31 18:44:19,Z
2020-03-31 18:44:20,Z
2020-03-31 18:44:21,Z
2020-03-31 18:44:22,Z
2020-03-31 18:44:23,Z
2020-03-31 18:44:24,Z
2020-03-31 18:44:25,Z
2020-03-31 18:44:26,Z
2020-03-31 18:44:27,Z
2020-03-26 19:05:25,Z
2020-03-26 19:05:26,Z
2020-03-26 19:05:27,Z
2020-03-26 19:05:28,Z
2020-03-26 19:05:29,Z
2020-03-26 19:05:30,Z
2020-03-26 19:05:31,Z
2020-03-26 19:05:32,Z
2020-03-26 19:05:33,Z
2020-03-26 19:05:34,Z
2020-03-26 19:05:35,Z
2020-03-26 19:05:36,Z
2020-03-26 19:05:37,Z
2020-03-26 19:05:38,Z
2020-03-26 19:05:39,Z
2020-03-26 19:05:40,Z
2020-03-23 21:51:04,Z
2020-03-23 21:51:05,Z
2020-03-23 21:51:06,Z
2020-03-23 21:51:07,Z
2020-03-23 21:51:08,Z
2020-03-23 21:51:09,Z
2020-03-23 21:51:10,Z
2020-03-23 21:51:11,Z
2020-03-23 21:51:12,Z
2020-03-23 21:51:13,Z
2020-03-23 21:51:14,Z
2020-03-23 21:51:15,Z
2020-03-23 21:51:16,Z
2020-03-23 21:51:17,Z
2020-03-23 21:51:18,Z
2020-03-23 21:51:19,Z
2020-03-31 19:54:52,Z
2020-03-31 19:54:53,Z
2020-03-31 19:54:54,Z
2020-03-31 19:54:55,Z
2020-03-31 19:54:56,Z
2020-03-31 19:54:57,Z
2020-03-31 19:54:58,Z
2020-03-31 19:54:59,Z
2020-03-31 19:55:00,Z
2020-03-31 19:55:01,Z
2020-03-31 19:55:02,Z
2020-03-31 19:55:03,Z
2020-03-31 19:55:04,Z
2020-03-31 19:55:05,Z
2020-03-31 19:55:06,Z
2020-03-31 19:55:07,Z
2020-03-22 21:05:11,Z
2020-03-22 21:05:12,Z
2020-03-22 21:05:13,Z
2020-03-22 21:05:14,Z
2020-03-22 21:05:15,Z
2020-03-22 21:05:16,Z
2020-03-22 21:05:17,Z
2020-03-22 21:05:18,Z
2020-03-22 21:05:19,Z
2020-03-22 21:05:20,Z
2020-03-22 21:05:21,Z
2020-03-22 21:05:22,Z
2020-03-22 21:05:23,Z
2020-03-22 21:05:24,Z
2020-03-22 21:05:25,Z
2020-03-22 21:05:26,Z
2020-03-25 20:36:12,Z
2020-03-25 20:36:13,Z
2020-03-25 20:36:14,Z
2020-03-25 20:36:15,Z
2020-03-25 20:36:16,Z
2020-03-25 20:36:17,Z
2020-03-25 20:36:18,Z
2020-03-25 20:36:19,Z
2020-03-25 20:36:20,Z
2020-03-25 20:36:21,Z
2020-03-25 20:36:22,Z
2020-03-25 20:36:23,Z
2020-03-25 20:36:24,Z
2020-03-25 20:36:25,Z
2020-03-25 20:36:26,Z
2020-03-25 20:36:27,Z
2020-03-29 21:36:11,Y
2020-03-29 21:36:12,Y
2020-03-29 21:36:13,Y
2020-03-29 21:36:14,Y
2020-03-29 21:36:15,Y
2020-03-29 21:36:16,Y
2020-03-29 21:36:17,Y
2020-03-29 21:36:18,Y
2020-03-29 21:36:19,Y
2020-03-29 21:36:20,Y
2020-03-29 21:36:21,Y
2020-03-29 21:36:22,Y
2020-03-29 21:36:23,Y
2020-03-29 21:36:24,Y
2020-03-29 21:36:25,Y
2020-03-29 21:36:26,Y
2020-03-21 19:03:19,Y
2020-03-21 19:03:20,Y
2020-03-21 19:03:21,Y
2020-03-21 19:03:22,Y
2020-03-21 19:03:23,Y
2020-03-21 19:03:24,Y
2020-03-21 19:03:25,Y
2020-03-21 19:03:26,Y
2020-03-21 19:03:27,Y
2020-03-21 19:03:28,Y
2020-03-21 19:03:29,Y
2020-03-21 19:03:30,Y
2020-03-21 19:03:31,Y
2020-03-21 19:03:32,Y
2020-03-21 19:03:33,Y
2020-03-21 19:03:34,Y
2020-03-27 19:25:27,Y
2020-03-27 19:25:28,Y
2020-03-27 19:25:29,Y
2020-03-27 19:25:30,Y
2020-03-27 19:25:31,Y
2020-03-27 19:25:32,Y
2020-03-27 19:25:33,Y
2020-03-27 19:25:34,Y
2020-03-27 19:25:35,Y
2020-03-27 19:25:36,Y
2020-03-27 19:25:37,Y
2020-03-27 19:25:38,Y
2020-03-27 19:25:39,Y
2020-03-27 19:25:40,Y
2020-03-27 19:25:41,Y
2020-03-27 19:25:42,Y
2020-03-21 21:54:15,Y
2020-03-21 21:54:16,Y
2020-03-21 21:54:17,Y
2020-03-21 21:54:18,Y
2020-03-21 21:54:19,Y
2020-03-21 21:54:20,Y
2020-03-21 21:54:21,Y
2020-03-21 21:54:22,Y
2020-03-21 21:54:23,Y
2020-03-21 21:54:24,Y
2020-03-21 21:54:25,Y
2020-03-21 21:54:26,Y
2020-03-21 21:54:27,Y
2020-03-21 21:54:28,Y
2020-03-21 21:54:29,Y
2020-03-21 21:54:30,Y
2020-03-22 22:36:37,Y
2020-03-22 22:36:38,Y
2020-03-22 22:36:39,Y
2020-03-22 22:36:40,Y
2020-03-22 22:36:41,Y
2020-03-22 22:36:42,Y
2020-03-22 22:36:43,Y
2020-03-22 22:36:44,Y
2020-03-22 22:36:45,Y
2020-03-22 22:36:46,Y
2020-03-22 22:36:47,Y
2020-03-22 22:36:48,Y
2020-03-22 22:36:49,Y
2020-03-22 22:36:50,Y
2020-03-22 22:36:51,Y
2020-03-22 22:36:52,Y
2020-03-27 21:04:16,Y
2020-03-27 21:04:17,Y
2020-03-27 21:04:18,Y
2020-03-27 21:04:19,Y
2020-03-27 21:04:20,Y
2020-03-27 21:04:21,Y
2020-03-27 21:04:22,Y
2020-03-27 21:04:23,Y
2020-03-27 21:04:24,Y
2020-03-27 21:04:25,Y
2020-03-27 21:04:26,Y
2020-03-27 21:04:27,Y
2020-03-27 21:04:28,Y
2020-03-27 21:04:29,Y
2020-03-27 21:04:30,Y
2020-03-27 21:04:31,Y
2020-03-22 19:22:17,Y
2020-03-22 19:22:18,Y
2020-03-22 19:22:19,Y
2020-03-22 19:22:20,Y
2020-03-22 19:22:21,Y
2020-03-22 19:22:22,Y
2020-03-22 19:22:23,Y
2020-03-22 19:22:24,Y
2020-03-22 19:22:25,Y
2020-03-22 19:22:26,Y
2020-03-22 19:22:27,Y
2020-03-22 19:22:28,Y
2020-03-22 19:22:29,Y
2020-03-22 19:22:30,Y
2020-03-22 19:22:31,Y
2020-03-22 19:22:32,Y
2020-03-22 22:57:36,Y
2020-03-22 22:57:37,Y
2020-03-22 22:57:38,Y
2020-03-22 22:57:39,Y
2020-03-22 22:57:40,Y
2020-03-22 22:57:41,Y
2020-03-22 22:57:42,Y
2020-03-22 22:57:43,Y
2020-03-22 22:57:44,Y
2020-03-22 22:57:45,Y
2020-03-22 22:57:46,Y
2020-03-22 22:57:47,Y
2020-03-22 22:57:48,Y
2020-03-22 22:57:49,Y
2020-03-22 22:57:50,Y
2020-03-22 22:57:51,Y
2020-03-29 21:10:24,Y
2020-03-29 21:10:25,Y
2020-03-29 21:10:26,Y
2020-03-29 21:10:27,Y
2020-03-29 21:10:28,Y
2020-03-29 21:10:29,Y
2020-03-29 21:10:30,Y
2020-03-29 21:10:31,Y
2020-03-29 21:10:32,Y
2020-03-29 21:10:33,Y
2020-03-29 21:10:34,Y
2020-03-29 21:10:35,Y
2020-03-29 21:10:36,Y
2020-03-29 21:10:37,Y
2020-03-29 21:10:38,Y
2020-03-29 21:10:39,Y
2020-03-21 19:15:41,Y
2020-03-21 19:15:42,Y
2020-03-21 19:15:43,Y
2020-03-21 19:15:44,Y
2020-03-21 19:15:45,Y
2020-03-21 19:15:46,Y
2020-03-21 19:15:47,Y
2020-03-21 19:15:48,Y
2020-03-21 19:15:49,Y
2020-03-21 19:15:50,Y
2020-03-21 19:15:51,Y
2020-03-21 19:15:52,Y
2020-03-21 19:15:53,Y
2020-03-21 19:15:54,Y
2020-03-21 19:15:55,Y
2020-03-21 19:15:56,Y
2020-03-29 19:15:18,Y
2020-03-29 19:15:19,Y
2020-03-29 19:15:20,Y
2020-03-29 19:15:21,Y
2020-03-29 19:15:22,Y
2020-03-29 19:15:23,Y
2020-03-29 19:15:24,Y
2020-03-29 19:15:25,Y
2020-03-29 19:15:26,Y
2020-03-29 19:15:27,Y
2020-03-29 19:15:28,Y
2020-03-29 19:15:29,Y
2020-03-29 19:15:30,Y
2020-03-29 19:15:31,Y
2020-03-29 19:15:32,Y
2020-03-29 19:15:33,Y
2020-03-30 16:16:43,R
2020-03-30 16:16:44,R
2020-03-30 16:16:45,R
2020-03-30 16:16:46,R
2020-03-30 16:16:47,R
2020-03-30 16:16:48,R
2020-03-30 16:16:49,R
2020-03-30 16:16:50,R
2020-03-30 16:16:51,R
2020-03-30 16:16:52,R
2020-03-30 16:16:53,R
2020-03-30 16:16:54,R
2020-03-30 16:16:55,R
2020-03-30 16:16:56,R
2020-03-30 16:16:57,R
2020-03-30 16:16:58,R
2020-03-31 12:33:01,R
2020-03-31 12:33:02,R
2020-03-31 12:33:03,R
2020-03-31 12:33:04,R
2020-03-31 12:33:05,R
2020-03-31 12:33:06,R
2020-03-31 12:33:07,R
2020-03-31 12:33:08,R
2020-03-31 12:33:09,R
2020-03-31 12:33:10,R
2020-03-31 12:33:11,R
2020-03-31 12:33:12,R
2020-03-31 12:33:13,R
2020-03-31 12:33:14,R
2020-03-31 12:33:15,R
2020-03-31 12:33:16,R
2020-03-28 17:02:12,R
2020-03-28 17:02:13,R
2020-03-28 17:02:14,R
2020-03-28 17:02:15,R
2020-03-28 17:02:16,R
2020-03-28 17:02:17,R
2020-03-28 17:02:18,R
2020-03-28 17:02:19,R
2020-03-28 17:02:20,R
2020-03-28 17:02:21,R
2020-03-28 17:02:22,R
2020-03-28 17:02:23,R
2020-03-28 17:02:24,R
2020-03-28 17:02:25,R
2020-03-28 17:02:26,R
2020-03-28 17:02:27,R
2020-03-28 16:08:10,R
2020-03-28 16:08:11,R
2020-03-28 16:08:12,R
2020-03-28 16:08:13,R
2020-03-28 16:08:14,R
2020-03-28 16:08:15,R
2020-03-28 16:08:16,R
2020-03-28 16:08:17,R
2020-03-28 16:08:18,R
2020-03-28 16:08:19,R
2020-03-28 16:08:20,R
2020-03-28 16:08:21,R
2020-03-28 16:08:22,R
2020-03-28 16:08:23,R
2020-03-28 16:08:24,R
2020-03-28 16:08:25,R
2020-03-31 16:46:55,R
2020-03-31 16:46:56,R
2020-03-31 16:46:57,R
2020-03-31 16:46:58,R
2020-03-31 16:46:59,R
2020-03-31 16:47:00,R
2020-03-31 16:47:01,R
2020-03-31 16:47:02,R
2020-03-31 16:47:03,R
2020-03-31 16:47:04,R
2020-03-31 16:47:05,R
2020-03-31 16:47:06,R
2020-03-31 16:47:07,R
2020-03-31 16:47:08,R
2020-03-31 16:47:09,R
2020-03-31 16:47:10,R
2020-03-28 17:58:37,R
2020-03-28 17:58:38,R
2020-03-28 17:58:39,R
2020-03-28 17:58:40,R
2020-03-28 17:58:41,R
2020-03-28 17:58:42,R
2020-03-28 17:58:43,R
2020-03-28 17:58:44,R
2020-03-28 17:58:45,R
2020-03-28 17:58:46,R
2020-03-28 17:58:47,R
2020-03-28 17:58:48,R
2020-03-28 17:58:49,R
2020-03-28 17:58:50,R
2020-03-28 17:58:51,R
2020-03-28 17:58:52,R
2020-03-28 13:10:28,R
2020-03-28 13:10:29,R
2020-03-28 13:10:30,R
2020-03-28 13:10:31,R
2020-03-28 13:10:32,R
2020-03-28 13:10:33,R
2020-03-28 13:10:34,R
2020-03-28 13:10:35,R
2020-03-28 13:10:36,R
2020-03-28 13:10:37,R
2020-03-28 13:10:38,R
2020-03-28 13:10:39,R
2020-03-28 13:10:40,R
2020-03-28 13:10:41,R
2020-03-28 13:10:42,R
2020-03-28 13:10:43,R
2020-03-30 13:10:38,R
2020-03-30 13:10:39,R
2020-03-30 13:10:40,R
2020-03-30 13:10:41,R
2020-03-30 13:10:42,R
2020-03-30 13:10:43,R
2020-03-30 13:10:44,R
2020-03-30 13:10:45,R
2020-03-30 13:10:46,R
2020-03-30 13:10:47,R
2020-03-30 13:10:48,R
2020-03-30 13:10:49,R
2020-03-30 13:10:50,R
2020-03-30 13:10:51,R
2020-03-30 13:10:52,R
2020-03-30 13:10:53,R
2020-03-28 23:10:07,R
2020-03-28 23:10:08,R
2020-03-28 23:10:09,R
2020-03-28 23:10:10,R
2020-03-28 23:10:11,R
2020-03-28 23:10:12,R
2020-03-28 23:10:13,R
2020-03-28 23:10:14,R
2020-03-28 23:10:15,R
2020-03-28 23:10:16,R
2020-03-28 23:10:17,R
2020-03-28 23:10:18,R
2020-03-28 23:10:19,R
2020-03-28 23:10:20,R
2020-03-28 23:10:21,R
2020-03-28 23:10:22,R
2020-03-27 23:08:06,R
2020-03-27 23:08:07,R
2020-03-27 23:08:08,R
2020-03-27 23:08:09,R
2020-03-27 23:08:10,R
2020-03-27 23:08:11,R
2020-03-27 23:08:12,R
2020-03-27 23:08:13,R
2020-03-27 23:08:14,R
2020-03-27 23:08:15,R
2020-03-27 23:08:16,R
2020-03-27 23:08:17,R
2020-03-27 23:08:18,R
2020-03-27 23:08:19,R
2020-03-27 23:08:20,R
2020-03-27 23:08:21,R
2020-03-25 23:25:49,R
2020-03-25 23:25:50,R
2020-03-25 23:25:51,R
2020-03-25 23:25:52,R
2020-03-25 23:25:53,R
2020-03-25 23:25:54,R
2020-03-25 23:25:55,R
2020-03-25 23:25:56,R
2020-03-25 23:25:57,R
2020-03-25 23:25:58,R
2020-03-25 23:25:59,R
2020-03-25 23:26:00,R
2020-03-25 23:26:01,R
2020-03-25 23:26:02,R
2020-03-25 23:26:03,R
2020-03-25 23:26:04,R
2020-03-26 23:23:01,R
2020-03-26 23:23:02,R
2020-03-26 23:23:03,R
2020-03-26 23:23:04,R
2020-03-26 23:23:05,R
2020-03-26 23:23:06,R
2020-03-26 23:23:07,R
2020-03-26 23:23:08,R
2020-03-26 23:23:09,R
2020-03-26 23:23:10,R
2020-03-26 23:23:11,R
2020-03-26 23:23:12,R
2020-03-26 23:23:13,R
2020-03-26 23:23:14,R
2020-03-26 23:23:15,R
2020-03-26 23:23:16,R
2020-04-02 19:57:46,R
2020-04-02 19:57:47,R
2020-04-02 19:57:48,R
2020-04-02 19:57:49,R
2020-04-02 19:57:50,R
2020-04-02 19:57:51,R
2020-04-02 19:57:52,R
2020-04-02 19:57:53,R
2020-04-02 19:57:54,R
2020-04-02 19:57:55,R
2020-04-02 19:57:56,R
2020-04-02 19:57:57,R
2020-04-02 19:57:58,R
2020-04-02 19:57:59,R
2020-04-02 19:58:00,R
2020-04-02 19:58:01,R
2020-03-31 23:34:13,R
2020-03-31 23:34:14,R
2020-03-31 23:34:15,R
2020-03-31 23:34:16,R
2020-03-31 23:34:17,R
2020-03-31 23:34:18,R
2020-03-31 23:34:19,R
2020-03-31 23:34:20,R
2020-03-31 23:34:21,R
2020-03-31 23:34:22,R
2020-03-31 23:34:23,R
2020-03-31 23:34:24,R
2020-03-31 23:34:25,R
2020-03-31 23:34:26,R
2020-03-31 23:34:27,R
2020-03-31 23:34:28,R
2020-03-25 23:08:59,R
2020-03-25 23:09:00,R
2020-03-25 23:09:01,R
2020-03-25 23:09:02,R
2020-03-25 23:09:03,R
2020-03-25 23:09:04,R
2020-03-25 23:09:05,R
2020-03-25 23:09:06,R
2020-03-25 23:09:07,R
2020-03-25 23:09:08,R
2020-03-25 23:09:09,R
2020-03-25 23:09:10,R
2020-03-25 23:09:11,R
2020-03-25 23:09:12,R
2020-03-25 23:09:13,R
2020-03-25 23:09:14,R
2020-03-29 23:27:03,R
2020-03-29 23:27:04,R
2020-03-29 23:27:05,R
2020-03-29 23:27:06,R
2020-03-29 23:27:07,R
2020-03-29 23:27:08,R
2020-03-29 23:27:09,R
2020-03-29 23:27:10,R
2020-03-29 23:27:11,R
2020-03-29 23:27:12,R
2020-03-29 23:27:13,R
2020-03-29 23:27:14,R
2020-03-29 23:27:15,R
2020-03-29 23:27:16,R
2020-03-29 23:27:17,R
2020-03-29 23:27:18,R
2020-04-01 18:33:06,R
2020-04-01 18:33:07,R
2020-04-01 18:33:08,R
2020-04-01 18:33:09,R
2020-04-01 18:33:10,R
2020-04-01 18:33:11,R
2020-04-01 18:33:12,R
2020-04-01 18:33:13,R
2020-04-01 18:33:14,R
2020-04-01 18:33:15,R
2020-04-01 18:33:16,R
2020-04-01 18:33:17,R
2020-04-01 18:33:18,R
2020-04-01 18:33:19,R
2020-04-01 18:33:20,R
2020-04-01 18:33:21,R
2020-03-30 23:25:19,R
2020-03-30 23:25:20,R
2020-03-30 23:25:21,R
2020-03-30 23:25:22,R
2020-03-30 23:25:23,R
2020-03-30 23:25:24,R
2020-03-30 23:25:25,R
2020-03-30 23:25:26,R
2020-03-30 23:25:27,R
2020-03-30 23:25:28,R
2020-03-30 23:25:29,R
2020-03-30 23:25:30,R
2020-03-30 23:25:31,R
2020-03-30 23:25:32,R
2020-03-30 23:25:33,R
2020-03-30 23:25:34,R
2020-03-30 08:05:57,R
2020-03-30 08:05:58,R
2020-03-30 08:05:59,R
2020-03-30 08:06:00,R
2020-03-30 08:06:01,R
2020-03-30 08:06:02,R
2020-03-30 08:06:03,R
2020-03-30 08:06:04,R
2020-03-30 08:06:05,R
2020-03-30 08:06:06,R
2020-03-30 08:06:07,R
2020-03-30 08:06:08,R
2020-03-30 08:06:09,R
2020-03-30 08:06:10,R
2020-03-30 08:06:11,R
2020-03-30 08:06:12,R
2020-03-29 08:00:43,R
2020-03-29 08:00:44,R
2020-03-29 08:00:45,R
2020-03-29 08:00:46,R
2020-03-29 08:00:47,R
2020-03-29 08:00:48,R
2020-03-29 08:00:49,R
2020-03-29 08:00:50,R
2020-03-29 08:00:51,R
2020-03-29 08:00:52,R
2020-03-29 08:00:53,R
2020-03-29 08:00:54,R
2020-03-29 08:00:55,R
2020-03-29 08:00:56,R
2020-03-29 08:00:57,R
2020-03-29 08:00:58,R
2020-03-29 07:11:38,R
2020-03-29 07:11:39,R
2020-03-29 07:11:40,R
2020-03-29 07:11:41,R
2020-03-29 07:11:42,R
2020-03-29 07:11:43,R
2020-03-29 07:11:44,R
2020-03-29 07:11:45,R
2020-03-29 07:11:46,R
2020-03-29 07:11:47,R
2020-03-29 07:11:48,R
2020-03-29 07:11:49,R
2020-03-29 07:11:50,R
2020-03-29 07:11:51,R
2020-03-29 07:11:52,R
2020-03-29 07:11:53,R
2020-03-29 06:15:05,R
2020-03-29 06:15:06,R
2020-03-29 06:15:07,R
2020-03-29 06:15:08,R
2020-03-29 06:15:09,R
2020-03-29 06:15:10,R
2020-03-29 06:15:11,R
2020-03-29 06:15:12,R
2020-03-29 06:15:13,R
2020-03-29 06:15:14,R
2020-03-29 06:15:15,R
2020-03-29 06:15:16,R
2020-03-29 06:15:17,R
2020-03-29 06:15:18,R
2020-03-29 06:15:19,R
2020-03-29 06:15:20,R
2020-03-31 10:45:15,R
2020-03-31 10:45:16,R
2020-03-31 10:45:17,R
2020-03-31 10:45:18,R
2020-03-31 10:45:19,R
2020-03-31 10:45:20,R
2020-03-31 10:45:21,R
2020-03-31 10:45:22,R
2020-03-31 10:45:23,R
2020-03-31 10:45:24,R
2020-03-31 10:45:25,R
2020-03-31 10:45:26,R
2020-03-31 10:45:27,R
2020-03-31 10:45:28,R
2020-03-31 10:45:29,R
2020-03-31 10:45:30,R
2020-03-29 08:37:53,R
2020-03-29 08:37:54,R
2020-03-29 08:37:55,R
2020-03-29 08:37:56,R
2020-03-29 08:37:57,R
2020-03-29 08:37:58,R
2020-03-29 08:37:59,R
2020-03-29 08:38:00,R
2020-03-29 08:38:01,R
2020-03-29 08:38:02,R
2020-03-29 08:38:03,R
2020-03-29 08:38:04,R
2020-03-29 08:38:05,R
2020-03-29 08:38:06,R
2020-03-29 08:38:07,R
2020-03-29 08:38:08,R
